docs/ai/reviews/review-20261007T232901Z-diff-check.log:23: trailing whitespace.
++2026-10-07T20:57:21.5963600Z 
docs/ai/reviews/review-20261007T232901Z-diff-check.log:25: trailing whitespace.
++2026-10-07T20:57:21.5968638Z 
docs/ai/reviews/review-20261007T232901Z-diff-check.log:27: trailing whitespace.
++2026-10-07T20:57:21.5972019Z 
docs/ai/reviews/review-20261007T232901Z-diff-check.log:29: trailing whitespace.
++2026-10-07T20:57:21.5973092Z 
docs/ai/reviews/review-20261007T232901Z-diff-check.log:31: trailing whitespace.
++2026-10-07T20:57:21.5974369Z 
docs/ai/reviews/review-20261007T232901Z-diff-check.log:33: trailing whitespace.
++2026-10-07T20:57:21.5975353Z 
docs/ai/reviews/review-20261007T232901Z-diff-check.log:35: trailing whitespace.
++2026-10-07T20:57:21.5977238Z 
docs/ai/reviews/review-20261007T232901Z-diff-check.log:37: trailing whitespace.
++2026-10-07T20:57:26.0312490Z 
docs/ai/reviews/review-20261007T232901Z-diff-check.log:39: trailing whitespace.
++2026-10-07T20:57:26.0334116Z 
docs/ai/reviews/review-20261007T232901Z-diff-check.log:41: trailing whitespace.
++2026-10-07T20:57:27.5119611Z [0;34m[INFO][0m 
docs/ai/reviews/review-20261007T232901Z-diff-check.log:43: trailing whitespace.
++2026-10-07T20:57:27.5120249Z [0;34m[INFO][0m 
docs/ai/reviews/review-20261007T232901Z-diff-check.log:45: trailing whitespace.
++2026-10-07T21:00:32.0260599Z [0;34m[INFO][0m 
docs/ai/reviews/review-20261007T232901Z-diff-check.log:47: trailing whitespace.
++2026-10-07T21:00:32.0261190Z [0;34m[INFO][0m 
docs/ai/reviews/review-20261007T232901Z-diff-check.log:49: trailing whitespace.
++2026-10-07T21:00:32.0272974Z [0;34m[INFO][0m 
docs/ai/reviews/review-20261007T232901Z-diff-check.log:52: trailing whitespace.
++2026-10-07T20:57:20.1792822Z 
docs/ai/reviews/review-20261007T232901Z-diff-check.log:54: trailing whitespace.
++2026-10-07T20:57:20.1797927Z 
docs/ai/reviews/review-20261007T232901Z-diff-check.log:56: trailing whitespace.
++2026-10-07T20:57:20.1800833Z 
docs/ai/reviews/review-20261007T232901Z-diff-check.log:58: trailing whitespace.
++2026-10-07T20:57:20.1801947Z 
docs/ai/reviews/review-20261007T232901Z-diff-check.log:60: trailing whitespace.
++2026-10-07T20:57:20.1803035Z 
docs/ai/reviews/review-20261007T232901Z-diff-check.log:62: trailing whitespace.
++2026-10-07T20:57:20.1803966Z 
docs/ai/reviews/review-20261007T232901Z-diff-check.log:64: trailing whitespace.
++2026-10-07T20:57:20.1805835Z 
docs/ai/reviews/review-20261007T232901Z-diff-check.log:66: trailing whitespace.
++2026-10-07T20:57:24.8768558Z 
docs/ai/reviews/review-20261007T232901Z-diff-check.log:68: trailing whitespace.
++2026-10-07T20:57:24.8775936Z 
docs/ai/reviews/review-20261007T232901Z-diff-check.log:70: trailing whitespace.
++2026-10-07T20:57:25.1778573Z [0;34m[INFO][0m 
docs/ai/reviews/review-20261007T232901Z-diff-check.log:72: trailing whitespace.
++2026-10-07T20:57:25.1779671Z [0;34m[INFO][0m 
docs/ai/reviews/review-20261007T232901Z-diff-check.log:74: trailing whitespace.
++2026-10-07T21:00:24.7890370Z 
docs/ai/reviews/review-20261007T232901Z-diff-check.log:76: trailing whitespace.
++2026-10-07T21:01:10.9637265Z [0;34m[INFO][0m 
docs/ai/reviews/review-20261007T232901Z-diff-check.log:78: trailing whitespace.
++2026-10-07T21:01:10.9637941Z [0;34m[INFO][0m 
docs/ai/reviews/review-20261007T232901Z-diff-check.log:80: trailing whitespace.
++2026-10-07T21:01:10.9647277Z [0;34m[INFO][0m 
docs/ai/reviews/review-20261007T232901Z-diff-check.log:83: trailing whitespace.
++2026-10-07T20:57:20.6958755Z 
docs/ai/reviews/review-20261007T232901Z-diff-check.log:85: trailing whitespace.
++2026-10-07T20:57:20.6963115Z 
docs/ai/reviews/review-20261007T232901Z-diff-check.log:87: trailing whitespace.
++2026-10-07T20:57:20.6965562Z 
docs/ai/reviews/review-20261007T232901Z-diff-check.log:89: trailing whitespace.
++2026-10-07T20:57:20.6966332Z 
docs/ai/reviews/review-20261007T232901Z-diff-check.log:91: trailing whitespace.
++2026-10-07T20:57:20.6967049Z 
docs/ai/reviews/review-20261007T232901Z-diff-check.log:93: trailing whitespace.
++2026-10-07T20:57:20.6967621Z 
docs/ai/reviews/review-20261007T232901Z-diff-check.log:95: trailing whitespace.
++2026-10-07T20:57:20.6968993Z 
docs/ai/reviews/review-20261007T232901Z-diff-check.log:97: trailing whitespace.
++2026-10-07T20:57:24.7489985Z 
docs/ai/reviews/review-20261007T232901Z-diff-check.log:99: trailing whitespace.
++2026-10-07T20:57:24.7496600Z 
docs/ai/reviews/review-20261007T232901Z-diff-check.log:101: trailing whitespace.
++2026-10-07T20:57:27.7940223Z [0;34m[INFO][0m 
docs/ai/reviews/review-20261007T232901Z-diff-check.log:103: trailing whitespace.
++2026-10-07T20:57:27.7940615Z [0;34m[INFO][0m 
docs/ai/reviews/review-20261007T232901Z-diff-check.log:105: trailing whitespace.
++2026-10-07T20:58:01.5388381Z 
docs/ai/reviews/review-20261007T232901Z-diff-check.log:107: trailing whitespace.
++2026-10-07T20:58:01.5457351Z 
docs/ai/reviews/review-20261007T232901Z-diff-check.log:109: trailing whitespace.
++2026-10-07T20:59:38.5735806Z 
docs/ai/reviews/review-20261007T232901Z-diff-check.log:111: trailing whitespace.
++2026-10-07T21:01:18.9878962Z [0;34m[INFO][0m 
docs/ai/reviews/review-20261007T232901Z-diff-check.log:113: trailing whitespace.
++2026-10-07T21:01:18.9879264Z [0;34m[INFO][0m 
docs/ai/reviews/review-20261007T232901Z-diff-check.log:115: trailing whitespace.
++2026-10-07T21:01:18.9884496Z [0;34m[INFO][0m 
docs/ai/reviews/review-20261007T232901Z-diff-check.log:118: trailing whitespace.
++2026-10-07T20:57:20.5597215Z 
docs/ai/reviews/review-20261007T232901Z-diff-check.log:120: trailing whitespace.
++2026-10-07T20:57:20.5604010Z 
docs/ai/reviews/review-20261007T232901Z-diff-check.log:122: trailing whitespace.
++2026-10-07T20:57:20.5609556Z 
docs/ai/reviews/review-20261007T232901Z-diff-check.log:124: trailing whitespace.
++2026-10-07T20:57:20.5611339Z 
docs/ai/reviews/review-20261007T232901Z-diff-check.log:126: trailing whitespace.
++2026-10-07T20:57:20.5613238Z 
docs/ai/reviews/review-20261007T232901Z-diff-check.log:128: trailing whitespace.
++2026-10-07T20:57:20.5614648Z 
docs/ai/reviews/review-20261007T232901Z-diff-check.log:130: trailing whitespace.
++2026-10-07T20:57:20.5617853Z 
docs/ai/reviews/review-20261007T232901Z-diff-check.log:132: trailing whitespace.
++2026-10-07T20:57:26.1973111Z 
docs/ai/reviews/review-20261007T232901Z-diff-check.log:134: trailing whitespace.
++2026-10-07T20:57:26.1980332Z 
docs/ai/reviews/review-20261007T232901Z-diff-check.log:136: trailing whitespace.
++2026-10-07T20:57:26.4714812Z [0;34m[INFO][0m 
docs/ai/reviews/review-20261007T232901Z-diff-check.log:138: trailing whitespace.
++2026-10-07T20:57:26.4716091Z [0;34m[INFO][0m 
docs/ai/reviews/review-20261007T232901Z-diff-check.log:140: trailing whitespace.
++2026-10-07T21:00:43.5895050Z 
docs/ai/reviews/review-20261007T232901Z-diff-check.log:142: trailing whitespace.
++2026-10-07T21:04:33.6790206Z [0;34m[INFO][0m 
docs/ai/reviews/review-20261007T232901Z-diff-check.log:144: trailing whitespace.
++2026-10-07T21:04:33.6790783Z [0;34m[INFO][0m 
docs/ai/reviews/review-20261007T232901Z-diff-check.log:146: trailing whitespace.
++2026-10-07T21:04:33.6803999Z [0;34m[INFO][0m 
docs/ai/reviews/review-20261007T232901Z-diff-check.log:150: trailing whitespace.
++2026-10-07T20:57:11.0966731Z 
docs/ai/reviews/review-20261007T232901Z-diff-check.log:152: trailing whitespace.
++2026-10-07T20:57:11.0969738Z 
docs/ai/reviews/review-20261007T232901Z-diff-check.log:154: trailing whitespace.
++2026-10-07T20:57:11.0971297Z 
docs/ai/reviews/review-20261007T232901Z-diff-check.log:156: trailing whitespace.
++2026-10-07T20:57:11.0971859Z 
docs/ai/reviews/review-20261007T232901Z-diff-check.log:158: trailing whitespace.
++2026-10-07T20:57:11.0972374Z 
docs/ai/reviews/review-20261007T232901Z-diff-check.log:160: trailing whitespace.
++2026-10-07T20:57:11.0972816Z 
docs/ai/reviews/review-20261007T232901Z-diff-check.log:162: trailing whitespace.
++2026-10-07T20:57:11.0973752Z 
docs/ai/reviews/review-20261007T232901Z-diff-check.log:166: trailing whitespace.
++2026-10-07T20:24:24.3543327Z 
docs/ai/reviews/review-20261007T232901Z-diff-check.log:168: trailing whitespace.
++2026-10-07T20:24:24.3544714Z 
docs/ai/reviews/review-20261007T232901Z-diff-check.log:170: trailing whitespace.
++2026-10-07T20:24:24.3545416Z 
docs/ai/reviews/review-20261007T232901Z-diff-check.log:172: trailing whitespace.
++2026-10-07T20:24:24.3545647Z 
docs/ai/reviews/review-20261007T232901Z-diff-check.log:174: trailing whitespace.
++2026-10-07T20:24:24.3545858Z 
docs/ai/reviews/review-20261007T232901Z-diff-check.log:176: trailing whitespace.
++2026-10-07T20:24:24.3546026Z 
docs/ai/reviews/review-20261007T232901Z-diff-check.log:178: trailing whitespace.
++2026-10-07T20:24:24.3546417Z 
docs/ai/reviews/review-20261007T232901Z-diff-check.log:180: trailing whitespace.
++2026-10-07T20:37:07.4151490Z     + FullyQualifiedErrorId : Microsoft.PowerShell.Commands.WriteErrorException,e6d7f2ea-043e-43a9-a649-db2b34d45716.p 
docs/ai/reviews/review-20261007T232901Z-diff-check.log:182: trailing whitespace.
++2026-10-07T20:37:07.4152189Z  
docs/ai/reviews/review-20261007T232901Z-diff-check.log:185: trailing whitespace.
++2026-10-07T20:57:21.5963600Z 
docs/ai/reviews/review-20261007T232901Z-diff-check.log:187: trailing whitespace.
++2026-10-07T20:57:21.5968638Z 
docs/ai/reviews/review-20261007T232901Z-diff-check.log:189: trailing whitespace.
++2026-10-07T20:57:21.5972019Z 
docs/ai/reviews/review-20261007T232901Z-diff-check.log:191: trailing whitespace.
++2026-10-07T20:57:21.5973092Z 
docs/ai/reviews/review-20261007T232901Z-diff-check.log:193: trailing whitespace.
++2026-10-07T20:57:21.5974369Z 
docs/ai/reviews/review-20261007T232901Z-diff-check.log:195: trailing whitespace.
++2026-10-07T20:57:21.5975353Z 
docs/ai/reviews/review-20261007T232901Z-diff-check.log:197: trailing whitespace.
++2026-10-07T20:57:21.5977238Z 
docs/ai/reviews/review-20261007T232901Z-diff-check.log:199: trailing whitespace.
++2026-10-07T20:57:26.0312490Z 
docs/ai/reviews/review-20261007T232901Z-diff-check.log:201: trailing whitespace.
++2026-10-07T20:57:26.0334116Z 
docs/ai/reviews/review-20261007T232901Z-diff-check.log:203: trailing whitespace.
++2026-10-07T20:57:27.5119611Z [0;34m[INFO][0m 
docs/ai/reviews/review-20261007T232901Z-diff-check.log:205: trailing whitespace.
++2026-10-07T20:57:27.5120249Z [0;34m[INFO][0m 
docs/ai/reviews/review-20261007T232901Z-diff-check.log:207: trailing whitespace.
++2026-10-07T21:00:32.0260599Z [0;34m[INFO][0m 
docs/ai/reviews/review-20261007T232901Z-diff-check.log:209: trailing whitespace.
++2026-10-07T21:00:32.0261190Z [0;34m[INFO][0m 
docs/ai/reviews/review-20261007T232901Z-diff-check.log:211: trailing whitespace.
++2026-10-07T21:00:32.0272974Z [0;34m[INFO][0m 
docs/ai/reviews/review-20261007T232901Z-diff-check.log:214: trailing whitespace.
++2026-10-07T20:57:20.1792822Z 
docs/ai/reviews/review-20261007T232901Z-diff-check.log:216: trailing whitespace.
++2026-10-07T20:57:20.1797927Z 
docs/ai/reviews/review-20261007T232901Z-diff-check.log:218: trailing whitespace.
++2026-10-07T20:57:20.1800833Z 
docs/ai/reviews/review-20261007T232901Z-diff-check.log:220: trailing whitespace.
++2026-10-07T20:57:20.1801947Z 
docs/ai/reviews/review-20261007T232901Z-diff-check.log:222: trailing whitespace.
++2026-10-07T20:57:20.1803035Z 
docs/ai/reviews/review-20261007T232901Z-diff-check.log:224: trailing whitespace.
++2026-10-07T20:57:20.1803966Z 
docs/ai/reviews/review-20261007T232901Z-diff-check.log:226: trailing whitespace.
++2026-10-07T20:57:20.1805835Z 
docs/ai/reviews/review-20261007T232901Z-diff-check.log:228: trailing whitespace.
++2026-10-07T20:57:24.8768558Z 
docs/ai/reviews/review-20261007T232901Z-diff-check.log:230: trailing whitespace.
++2026-10-07T20:57:24.8775936Z 
docs/ai/reviews/review-20261007T232901Z-diff-check.log:232: trailing whitespace.
++2026-10-07T20:57:25.1778573Z [0;34m[INFO][0m 
docs/ai/reviews/review-20261007T232901Z-diff-check.log:234: trailing whitespace.
++2026-10-07T20:57:25.1779671Z [0;34m[INFO][0m 
docs/ai/reviews/review-20261007T232901Z-diff-check.log:236: trailing whitespace.
++2026-10-07T21:00:24.7890370Z 
docs/ai/reviews/review-20261007T232901Z-diff-check.log:238: trailing whitespace.
++2026-10-07T21:01:10.9637265Z [0;34m[INFO][0m 
docs/ai/reviews/review-20261007T232901Z-diff-check.log:240: trailing whitespace.
++2026-10-07T21:01:10.9637941Z [0;34m[INFO][0m 
docs/ai/reviews/review-20261007T232901Z-diff-check.log:242: trailing whitespace.
++2026-10-07T21:01:10.9647277Z [0;34m[INFO][0m 
docs/ai/reviews/review-20261007T232901Z-diff-check.log:245: trailing whitespace.
++2026-10-07T20:57:20.6958755Z 
docs/ai/reviews/review-20261007T232901Z-diff-check.log:247: trailing whitespace.
++2026-10-07T20:57:20.6963115Z 
docs/ai/reviews/review-20261007T232901Z-diff-check.log:249: trailing whitespace.
++2026-10-07T20:57:20.6965562Z 
docs/ai/reviews/review-20261007T232901Z-diff-check.log:251: trailing whitespace.
++2026-10-07T20:57:20.6966332Z 
docs/ai/reviews/review-20261007T232901Z-diff-check.log:253: trailing whitespace.
++2026-10-07T20:57:20.6967049Z 
docs/ai/reviews/review-20261007T232901Z-diff-check.log:255: trailing whitespace.
++2026-10-07T20:57:20.6967621Z 
docs/ai/reviews/review-20261007T232901Z-diff-check.log:257: trailing whitespace.
++2026-10-07T20:57:20.6968993Z 
docs/ai/reviews/review-20261007T232901Z-diff-check.log:259: trailing whitespace.
++2026-10-07T20:57:24.7489985Z 
docs/ai/reviews/review-20261007T232901Z-diff-check.log:261: trailing whitespace.
++2026-10-07T20:57:24.7496600Z 
docs/ai/reviews/review-20261007T232901Z-diff-check.log:263: trailing whitespace.
++2026-10-07T20:57:27.7940223Z [0;34m[INFO][0m 
docs/ai/reviews/review-20261007T232901Z-diff-check.log:265: trailing whitespace.
++2026-10-07T20:57:27.7940615Z [0;34m[INFO][0m 
docs/ai/reviews/review-20261007T232901Z-diff-check.log:267: trailing whitespace.
++2026-10-07T20:58:01.5388381Z 
docs/ai/reviews/review-20261007T232901Z-diff-check.log:269: trailing whitespace.
++2026-10-07T20:58:01.5457351Z 
docs/ai/reviews/review-20261007T232901Z-diff-check.log:271: trailing whitespace.
++2026-10-07T20:59:38.5735806Z 
docs/ai/reviews/review-20261007T232901Z-diff-check.log:273: trailing whitespace.
++2026-10-07T21:01:18.9878962Z [0;34m[INFO][0m 
docs/ai/reviews/review-20261007T232901Z-diff-check.log:275: trailing whitespace.
++2026-10-07T21:01:18.9879264Z [0;34m[INFO][0m 
docs/ai/reviews/review-20261007T232901Z-diff-check.log:277: trailing whitespace.
++2026-10-07T21:01:18.9884496Z [0;34m[INFO][0m 
docs/ai/reviews/review-20261007T232901Z-diff-check.log:280: trailing whitespace.
++2026-10-07T20:57:20.5597215Z 
docs/ai/reviews/review-20261007T232901Z-diff-check.log:282: trailing whitespace.
++2026-10-07T20:57:20.5604010Z 
docs/ai/reviews/review-20261007T232901Z-diff-check.log:284: trailing whitespace.
++2026-10-07T20:57:20.5609556Z 
docs/ai/reviews/review-20261007T232901Z-diff-check.log:286: trailing whitespace.
++2026-10-07T20:57:20.5611339Z 
docs/ai/reviews/review-20261007T232901Z-diff-check.log:288: trailing whitespace.
++2026-10-07T20:57:20.5613238Z 
docs/ai/reviews/review-20261007T232901Z-diff-check.log:290: trailing whitespace.
++2026-10-07T20:57:20.5614648Z 
docs/ai/reviews/review-20261007T232901Z-diff-check.log:292: trailing whitespace.
++2026-10-07T20:57:20.5617853Z 
docs/ai/reviews/review-20261007T232901Z-diff-check.log:294: trailing whitespace.
++2026-10-07T20:57:26.1973111Z 
docs/ai/reviews/review-20261007T232901Z-diff-check.log:296: trailing whitespace.
++2026-10-07T20:57:26.1980332Z 
docs/ai/reviews/review-20261007T232901Z-diff-check.log:298: trailing whitespace.
++2026-10-07T20:57:26.4714812Z [0;34m[INFO][0m 
docs/ai/reviews/review-20261007T232901Z-diff-check.log:300: trailing whitespace.
++2026-10-07T20:57:26.4716091Z [0;34m[INFO][0m 
docs/ai/reviews/review-20261007T232901Z-diff-check.log:302: trailing whitespace.
++2026-10-07T21:00:43.5895050Z 
docs/ai/reviews/review-20261007T232901Z-diff-check.log:304: trailing whitespace.
++2026-10-07T21:04:33.6790206Z [0;34m[INFO][0m 
docs/ai/reviews/review-20261007T232901Z-diff-check.log:306: trailing whitespace.
++2026-10-07T21:04:33.6790783Z [0;34m[INFO][0m 
docs/ai/reviews/review-20261007T232901Z-diff-check.log:308: trailing whitespace.
++2026-10-07T21:04:33.6803999Z [0;34m[INFO][0m 
docs/ai/reviews/review-20261007T232901Z-diff-check.log:311: trailing whitespace.
++2026-10-07T20:57:04.3954550Z 
docs/ai/reviews/review-20261007T232901Z-diff-check.log:313: trailing whitespace.
++2026-10-07T20:57:04.3960928Z 
docs/ai/reviews/review-20261007T232901Z-diff-check.log:315: trailing whitespace.
++2026-10-07T20:57:04.3964078Z 
docs/ai/reviews/review-20261007T232901Z-diff-check.log:317: trailing whitespace.
++2026-10-07T20:57:04.3965449Z 
docs/ai/reviews/review-20261007T232901Z-diff-check.log:319: trailing whitespace.
++2026-10-07T20:57:04.3966641Z 
docs/ai/reviews/review-20261007T232901Z-diff-check.log:321: trailing whitespace.
++2026-10-07T20:57:04.3967762Z 
docs/ai/reviews/review-20261007T232901Z-diff-check.log:323: trailing whitespace.
++2026-10-07T20:57:04.3970413Z 
docs/ai/reviews/review-20261007T232901Z-diff-check.log:325: trailing whitespace.
++2026-10-07T20:58:38.5241108Z 
docs/ai/reviews/review-20261007T232901Z-diff-check.log:328: trailing whitespace.
++2026-10-07T21:32:14.6789413Z 
docs/ai/reviews/review-20261007T232901Z-diff-check.log:330: trailing whitespace.
++2026-10-07T21:32:14.6793290Z 
docs/ai/reviews/review-20261007T232901Z-diff-check.log:332: trailing whitespace.
++2026-10-07T21:32:14.6795581Z 
docs/ai/reviews/review-20261007T232901Z-diff-check.log:334: trailing whitespace.
++2026-10-07T21:32:14.6796289Z 
docs/ai/reviews/review-20261007T232901Z-diff-check.log:336: trailing whitespace.
++2026-10-07T21:32:14.6796968Z 
docs/ai/reviews/review-20261007T232901Z-diff-check.log:338: trailing whitespace.
++2026-10-07T21:32:14.6797514Z 
docs/ai/reviews/review-20261007T232901Z-diff-check.log:340: trailing whitespace.
++2026-10-07T21:32:14.6799109Z 
docs/ai/reviews/review-20261007T232901Z-diff-check.log:346: trailing whitespace.
++2026-10-07T21:32:13.4191930Z 
docs/ai/reviews/review-20261007T232901Z-diff-check.log:348: trailing whitespace.
++2026-10-07T21:32:13.4193799Z 
docs/ai/reviews/review-20261007T232901Z-diff-check.log:350: trailing whitespace.
++2026-10-07T21:32:13.4194711Z 
docs/ai/reviews/review-20261007T232901Z-diff-check.log:352: trailing whitespace.
++2026-10-07T21:32:13.4196044Z 
docs/ai/reviews/review-20261007T232901Z-diff-check.log:354: trailing whitespace.
++2026-10-07T21:32:13.4196597Z 
docs/ai/reviews/review-20261007T232901Z-diff-check.log:356: trailing whitespace.
++2026-10-07T21:32:13.4196883Z 
docs/ai/reviews/review-20261007T232901Z-diff-check.log:358: trailing whitespace.
++2026-10-07T21:32:13.4197375Z 
docs/ai/reviews/review-20261007T232901Z-diff-check.log:360: trailing whitespace.
++2026-10-07T21:33:40.9764539Z 
docs/ai/reviews/review-20261007T232901Z-diff-check.log:363: trailing whitespace.
++2026-10-07T21:32:34.2069476Z 
docs/ai/reviews/review-20261007T232901Z-diff-check.log:365: trailing whitespace.
++2026-10-07T21:32:34.2072735Z 
docs/ai/reviews/review-20261007T232901Z-diff-check.log:367: trailing whitespace.
++2026-10-07T21:32:34.2074986Z 
docs/ai/reviews/review-20261007T232901Z-diff-check.log:369: trailing whitespace.
++2026-10-07T21:32:34.2075640Z 
docs/ai/reviews/review-20261007T232901Z-diff-check.log:371: trailing whitespace.
++2026-10-07T21:32:34.2076250Z 
docs/ai/reviews/review-20261007T232901Z-diff-check.log:373: trailing whitespace.
++2026-10-07T21:32:34.2076738Z 
docs/ai/reviews/review-20261007T232901Z-diff-check.log:375: trailing whitespace.
++2026-10-07T21:32:34.2078268Z 
docs/ai/reviews/review-20261007T232901Z-diff-check.log:377: trailing whitespace.
++2026-10-07T21:32:39.2067263Z 
docs/ai/reviews/review-20261007T232901Z-diff-check.log:379: trailing whitespace.
++2026-10-07T21:32:39.2072913Z 
docs/ai/reviews/review-20261007T232901Z-diff-check.log:381: trailing whitespace.
++2026-10-07T21:32:39.4500109Z [0;34m[INFO][0m 
docs/ai/reviews/review-20261007T232901Z-diff-check.log:383: trailing whitespace.
++2026-10-07T21:33:51.3236604Z [0;34m[INFO][0m 
docs/ai/reviews/review-20261007T232901Z-diff-check.log:385: trailing whitespace.
++2026-10-07T21:36:03.6009924Z [0;34m[INFO][0m 
docs/ai/reviews/review-20261007T232901Z-diff-check.log:387: trailing whitespace.
++2026-10-07T21:36:03.6010408Z [0;34m[INFO][0m 
docs/ai/reviews/review-20261007T232901Z-diff-check.log:389: trailing whitespace.
++2026-10-07T21:36:03.6021538Z [0;34m[INFO][0m 
docs/ai/reviews/review-20261007T232901Z-diff-check.log:392: trailing whitespace.
++2026-10-07T21:32:32.1287891Z 
docs/ai/reviews/review-20261007T232901Z-diff-check.log:394: trailing whitespace.
++2026-10-07T21:32:32.1290975Z 
docs/ai/reviews/review-20261007T232901Z-diff-check.log:396: trailing whitespace.
++2026-10-07T21:32:32.1296568Z 
docs/ai/reviews/review-20261007T232901Z-diff-check.log:398: trailing whitespace.
++2026-10-07T21:32:32.1297227Z 
docs/ai/reviews/review-20261007T232901Z-diff-check.log:400: trailing whitespace.
++2026-10-07T21:32:32.1297846Z 
docs/ai/reviews/review-20261007T232901Z-diff-check.log:402: trailing whitespace.
++2026-10-07T21:32:32.1298345Z 
docs/ai/reviews/review-20261007T232901Z-diff-check.log:404: trailing whitespace.
++2026-10-07T21:32:32.1299937Z 
docs/ai/reviews/review-20261007T232901Z-diff-check.log:406: trailing whitespace.
++2026-10-07T21:32:37.0811296Z 
docs/ai/reviews/review-20261007T232901Z-diff-check.log:408: trailing whitespace.
++2026-10-07T21:32:37.0841718Z 
docs/ai/reviews/review-20261007T232901Z-diff-check.log:410: trailing whitespace.
++2026-10-07T21:32:38.0730826Z [0;34m[INFO][0m 
docs/ai/reviews/review-20261007T232901Z-diff-check.log:412: trailing whitespace.
++2026-10-07T21:32:38.0732263Z [0;34m[INFO][0m 
docs/ai/reviews/review-20261007T232901Z-diff-check.log:414: trailing whitespace.
++2026-10-07T21:33:17.6464141Z 
docs/ai/reviews/review-20261007T232901Z-diff-check.log:416: trailing whitespace.
++2026-10-07T21:33:17.6487587Z 
docs/ai/reviews/review-20261007T232901Z-diff-check.log:418: trailing whitespace.
++2026-10-07T21:35:46.7642946Z 
docs/ai/reviews/review-20261007T232901Z-diff-check.log:420: trailing whitespace.
++2026-10-07T21:38:15.6562428Z [0;34m[INFO][0m 
docs/ai/reviews/review-20261007T232901Z-diff-check.log:422: trailing whitespace.
++2026-10-07T21:38:15.6562926Z [0;34m[INFO][0m 
docs/ai/reviews/review-20261007T232901Z-diff-check.log:424: trailing whitespace.
++2026-10-07T21:38:15.6570570Z [0;34m[INFO][0m 
docs/ai/reviews/review-20261007T232901Z-diff-check.log:427: trailing whitespace.
++2026-10-07T21:32:31.7598137Z 
docs/ai/reviews/review-20261007T232901Z-diff-check.log:429: trailing whitespace.
++2026-10-07T21:32:31.7606880Z 
docs/ai/reviews/review-20261007T232901Z-diff-check.log:431: trailing whitespace.
++2026-10-07T21:32:31.7612282Z 
docs/ai/reviews/review-20261007T232901Z-diff-check.log:433: trailing whitespace.
++2026-10-07T21:32:31.7614013Z 
docs/ai/reviews/review-20261007T232901Z-diff-check.log:435: trailing whitespace.
++2026-10-07T21:32:31.7615727Z 
docs/ai/reviews/review-20261007T232901Z-diff-check.log:437: trailing whitespace.
++2026-10-07T21:32:31.7616754Z 
docs/ai/reviews/review-20261007T232901Z-diff-check.log:439: trailing whitespace.
++2026-10-07T21:32:31.7619765Z 
docs/ai/reviews/review-20261007T232901Z-diff-check.log:441: trailing whitespace.
++2026-10-07T21:32:36.5563124Z 
docs/ai/reviews/review-20261007T232901Z-diff-check.log:443: trailing whitespace.
++2026-10-07T21:32:36.5570529Z 
docs/ai/reviews/review-20261007T232901Z-diff-check.log:445: trailing whitespace.
++2026-10-07T21:32:38.1011860Z [0;34m[INFO][0m 
docs/ai/reviews/review-20261007T232901Z-diff-check.log:447: trailing whitespace.
++2026-10-07T21:32:38.1012930Z [0;34m[INFO][0m 
docs/ai/reviews/review-20261007T232901Z-diff-check.log:449: trailing whitespace.
++2026-10-07T21:35:26.9751215Z 
docs/ai/reviews/review-20261007T232901Z-diff-check.log:451: trailing whitespace.
++2026-10-07T21:36:00.5942012Z [0;34m[INFO][0m 
docs/ai/reviews/review-20261007T232901Z-diff-check.log:453: trailing whitespace.
++2026-10-07T21:36:00.5942783Z [0;34m[INFO][0m 
docs/ai/reviews/review-20261007T232901Z-diff-check.log:455: trailing whitespace.
++2026-10-07T21:36:00.5951865Z [0;34m[INFO][0m 
docs/ai/reviews/review-20261007T232901Z-diff-check.log:458: trailing whitespace.
++2026-10-07T21:32:32.0435304Z 
docs/ai/reviews/review-20261007T232901Z-diff-check.log:460: trailing whitespace.
++2026-10-07T21:32:32.0444922Z 
docs/ai/reviews/review-20261007T232901Z-diff-check.log:462: trailing whitespace.
++2026-10-07T21:32:32.0450643Z 
docs/ai/reviews/review-20261007T232901Z-diff-check.log:464: trailing whitespace.
++2026-10-07T21:32:32.0452477Z 
docs/ai/reviews/review-20261007T232901Z-diff-check.log:466: trailing whitespace.
++2026-10-07T21:32:32.0454227Z 
docs/ai/reviews/review-20261007T232901Z-diff-check.log:468: trailing whitespace.
++2026-10-07T21:32:32.0455663Z 
docs/ai/reviews/review-20261007T232901Z-diff-check.log:470: trailing whitespace.
++2026-10-07T21:32:32.0459192Z 
docs/ai/reviews/review-20261007T232901Z-diff-check.log:472: trailing whitespace.
++2026-10-07T21:32:36.8226485Z 
docs/ai/reviews/review-20261007T232901Z-diff-check.log:474: trailing whitespace.
++2026-10-07T21:32:36.8233898Z 
docs/ai/reviews/review-20261007T232901Z-diff-check.log:476: trailing whitespace.
++2026-10-07T21:32:37.9725403Z [0;34m[INFO][0m 
docs/ai/reviews/review-20261007T232901Z-diff-check.log:478: trailing whitespace.
++2026-10-07T21:32:37.9726659Z [0;34m[INFO][0m 
docs/ai/reviews/review-20261007T232901Z-diff-check.log:480: trailing whitespace.
++2026-10-07T21:35:08.9106709Z 
docs/ai/reviews/review-20261007T232901Z-diff-check.log:482: trailing whitespace.
++2026-10-07T21:36:36.8551874Z [0;34m[INFO][0m 
docs/ai/reviews/review-20261007T232901Z-diff-check.log:484: trailing whitespace.
++2026-10-07T21:36:36.8552381Z [0;34m[INFO][0m 
docs/ai/reviews/review-20261007T232901Z-diff-check.log:486: trailing whitespace.
++2026-10-07T21:36:36.8566639Z [0;34m[INFO][0m 
docs/ai/reviews/review-20261007T232901Z-diff-check.log:489: trailing whitespace.
++[0;34m[INFO][0m 
docs/ai/reviews/review-20261007T232901Z-diff-check.log:491: trailing whitespace.
++[0;34m[INFO][0m 
docs/ai/reviews/review-20261007T232901Z-linux.log:104: trailing whitespace.
+2026-10-07T23:28:33.1535796Z 
docs/ai/reviews/review-20261007T232901Z-linux.log:108: trailing whitespace.
+2026-10-07T23:28:33.1539602Z 
docs/ai/reviews/review-20261007T232901Z-linux.log:111: trailing whitespace.
+2026-10-07T23:28:33.1541122Z 
docs/ai/reviews/review-20261007T232901Z-linux.log:113: trailing whitespace.
+2026-10-07T23:28:33.1541867Z 
docs/ai/reviews/review-20261007T232901Z-linux.log:115: trailing whitespace.
+2026-10-07T23:28:33.1542258Z 
docs/ai/reviews/review-20261007T232901Z-linux.log:117: trailing whitespace.
+2026-10-07T23:28:33.1542586Z 
docs/ai/reviews/review-20261007T232901Z-linux.log:119: trailing whitespace.
+2026-10-07T23:28:33.1544252Z 
docs/ai/reviews/review-20261007T232901Z-linux.log:521: trailing whitespace.
+2026-10-07T23:30:29.3075333Z 
docs/ai/reviews/review-20261007T232901Z-shard2.log:184: trailing whitespace.
+2026-10-07T23:28:49.9553874Z 
docs/ai/reviews/review-20261007T232901Z-shard2.log:188: trailing whitespace.
+2026-10-07T23:28:49.9556397Z 
docs/ai/reviews/review-20261007T232901Z-shard2.log:191: trailing whitespace.
+2026-10-07T23:28:49.9557774Z 
docs/ai/reviews/review-20261007T232901Z-shard2.log:193: trailing whitespace.
+2026-10-07T23:28:49.9558182Z 
docs/ai/reviews/review-20261007T232901Z-shard2.log:195: trailing whitespace.
+2026-10-07T23:28:49.9558546Z 
docs/ai/reviews/review-20261007T232901Z-shard2.log:197: trailing whitespace.
+2026-10-07T23:28:49.9558850Z 
docs/ai/reviews/review-20261007T232901Z-shard2.log:199: trailing whitespace.
+2026-10-07T23:28:49.9559833Z 
docs/ai/reviews/review-20261007T232901Z-shard2.log:348: trailing whitespace.
+2026-10-07T23:28:54.3760277Z 
docs/ai/reviews/review-20261007T232901Z-shard2.log:351: trailing whitespace.
+2026-10-07T23:28:54.3768794Z 
docs/ai/reviews/review-20261007T232901Z-shard2.log:359: trailing whitespace.
+2026-10-07T23:28:55.0629805Z [0;34m[INFO][0m 
docs/ai/reviews/review-20261007T232901Z-shard2.log:361: trailing whitespace.
+2026-10-07T23:28:55.0630605Z [0;34m[INFO][0m 
docs/ai/reviews/review-20261007T232901Z-shard2.log:424: trailing whitespace.
+2026-10-07T23:32:22.9965351Z [0;34m[INFO][0m 
docs/ai/reviews/review-20261007T232901Z-shard2.log:425: trailing whitespace.
+2026-10-07T23:32:22.9965885Z [0;34m[INFO][0m 
docs/ai/reviews/review-20261007T232901Z-shard2.log:436: trailing whitespace.
+2026-10-07T23:32:22.9977831Z [0;34m[INFO][0m 
docs/ai/reviews/review-20261007T232901Z-shard4.log:183: trailing whitespace.
+2026-10-07T23:28:47.8342507Z 
docs/ai/reviews/review-20261007T232901Z-shard4.log:187: trailing whitespace.
+2026-10-07T23:28:47.8344252Z 
docs/ai/reviews/review-20261007T232901Z-shard4.log:190: trailing whitespace.
+2026-10-07T23:28:47.8345280Z 
docs/ai/reviews/review-20261007T232901Z-shard4.log:192: trailing whitespace.
+2026-10-07T23:28:47.8345624Z 
docs/ai/reviews/review-20261007T232901Z-shard4.log:194: trailing whitespace.
+2026-10-07T23:28:47.8345950Z 
docs/ai/reviews/review-20261007T232901Z-shard4.log:196: trailing whitespace.
+2026-10-07T23:28:47.8346225Z 
docs/ai/reviews/review-20261007T232901Z-shard4.log:198: trailing whitespace.
+2026-10-07T23:28:47.8347084Z 
docs/ai/reviews/review-20261007T232901Z-shard4.log:347: trailing whitespace.
+2026-10-07T23:28:52.0600494Z 
docs/ai/reviews/review-20261007T232901Z-shard4.log:350: trailing whitespace.
+2026-10-07T23:28:52.0606408Z 
docs/ai/reviews/review-20261007T232901Z-shard4.log:358: trailing whitespace.
+2026-10-07T23:28:52.8079460Z [0;34m[INFO][0m 
docs/ai/reviews/review-20261007T232901Z-shard4.log:360: trailing whitespace.
+2026-10-07T23:28:52.8080526Z [0;34m[INFO][0m 
docs/ai/reviews/review-20261007T232901Z-shard4.log:412: trailing whitespace.
+2026-10-07T23:31:51.3686920Z 
docs/ai/reviews/review-20261007T232901Z-shard4.log:434: trailing whitespace.
+2026-10-07T23:32:29.8990104Z [0;34m[INFO][0m 
docs/ai/reviews/review-20261007T232901Z-shard4.log:435: trailing whitespace.
+2026-10-07T23:32:29.8990488Z [0;34m[INFO][0m 
docs/ai/reviews/review-20261007T232901Z-shard4.log:446: trailing whitespace.
+2026-10-07T23:32:29.8998507Z [0;34m[INFO][0m 
docs/ai/tdd/pr-capability-preflight-final-remediation-20261007T224314Z/harness-deadline-infra.log:30: new blank line at EOF.
docs/ai/tdd/pr-capability-preflight-final-remediation-20261007T224314Z/historical-mutations/mutation-TEST-001.txt:20: new blank line at EOF.
docs/ai/tdd/pr-capability-preflight-final-remediation-20261007T224314Z/historical-mutations/mutation-TEST-002.txt:20: new blank line at EOF.
docs/ai/tdd/pr-capability-preflight-final-remediation-20261007T224314Z/historical-mutations/mutation-TEST-003.2026-10-07T12-32-21Z.txt:20: new blank line at EOF.
docs/ai/tdd/pr-capability-preflight-final-remediation-20261007T224314Z/historical-mutations/mutation-TEST-003.txt:20: new blank line at EOF.
docs/ai/tdd/pr-capability-preflight-final-remediation-20261007T224314Z/historical-mutations/mutation-TEST-004.2026-10-07T12-32-59Z.txt:45: new blank line at EOF.
docs/ai/tdd/pr-capability-preflight-final-remediation-20261007T224314Z/historical-mutations/mutation-TEST-004.txt:45: new blank line at EOF.
docs/ai/tdd/pr-capability-preflight-final-remediation-20261007T224314Z/historical-mutations/mutation-TEST-005.txt:23: new blank line at EOF.
docs/ai/tdd/pr-capability-preflight-final-remediation-20261007T224314Z/historical-mutations/mutation-TEST-007.txt:20: new blank line at EOF.
docs/ai/tdd/pr-capability-preflight-final-remediation-20261007T224314Z/whitespace-red.log:9: new blank line at EOF.
docs/ai/tdd/pr-capability-preflight-final-remediation-20261007T224314Z/whitespace-red.raw.log:8: new blank line at EOF.
docs/ai/tdd/pr-capability-preflight-pushurl-remediation-20261007T211358Z/harness-budget-red.log:29: new blank line at EOF.
docs/ai/tdd/pr-capability-preflight-pushurl-remediation-20261007T211358Z/historical-mutations/mutation-TEST-001.txt:20: new blank line at EOF.
docs/ai/tdd/pr-capability-preflight-pushurl-remediation-20261007T211358Z/historical-mutations/mutation-TEST-002.txt:20: new blank line at EOF.
docs/ai/tdd/pr-capability-preflight-pushurl-remediation-20261007T211358Z/historical-mutations/mutation-TEST-003.2026-10-07T12-32-21Z.txt:20: new blank line at EOF.
docs/ai/tdd/pr-capability-preflight-pushurl-remediation-20261007T211358Z/historical-mutations/mutation-TEST-003.txt:20: new blank line at EOF.
docs/ai/tdd/pr-capability-preflight-pushurl-remediation-20261007T211358Z/historical-mutations/mutation-TEST-004.2026-10-07T12-32-59Z.txt:45: new blank line at EOF.
docs/ai/tdd/pr-capability-preflight-pushurl-remediation-20261007T211358Z/historical-mutations/mutation-TEST-004.txt:45: new blank line at EOF.
docs/ai/tdd/pr-capability-preflight-pushurl-remediation-20261007T211358Z/historical-mutations/mutation-TEST-005.txt:23: new blank line at EOF.
docs/ai/tdd/pr-capability-preflight-pushurl-remediation-20261007T211358Z/historical-mutations/mutation-TEST-007.txt:20: new blank line at EOF.
docs/ai/tdd/pr-capability-preflight-pushurl-remediation-20261007T211358Z/original-ci-113013457339.log:183: trailing whitespace.
+2026-10-07T20:57:21.5963600Z 
docs/ai/tdd/pr-capability-preflight-pushurl-remediation-20261007T211358Z/original-ci-113013457339.log:187: trailing whitespace.
+2026-10-07T20:57:21.5968638Z 
docs/ai/tdd/pr-capability-preflight-pushurl-remediation-20261007T211358Z/original-ci-113013457339.log:190: trailing whitespace.
+2026-10-07T20:57:21.5972019Z 
docs/ai/tdd/pr-capability-preflight-pushurl-remediation-20261007T211358Z/original-ci-113013457339.log:192: trailing whitespace.
+2026-10-07T20:57:21.5973092Z 
docs/ai/tdd/pr-capability-preflight-pushurl-remediation-20261007T211358Z/original-ci-113013457339.log:194: trailing whitespace.
+2026-10-07T20:57:21.5974369Z 
docs/ai/tdd/pr-capability-preflight-pushurl-remediation-20261007T211358Z/original-ci-113013457339.log:196: trailing whitespace.
+2026-10-07T20:57:21.5975353Z 
docs/ai/tdd/pr-capability-preflight-pushurl-remediation-20261007T211358Z/original-ci-113013457339.log:198: trailing whitespace.
+2026-10-07T20:57:21.5977238Z 
docs/ai/tdd/pr-capability-preflight-pushurl-remediation-20261007T211358Z/original-ci-113013457339.log:347: trailing whitespace.
+2026-10-07T20:57:26.0312490Z 
docs/ai/tdd/pr-capability-preflight-pushurl-remediation-20261007T211358Z/original-ci-113013457339.log:350: trailing whitespace.
+2026-10-07T20:57:26.0334116Z 
docs/ai/tdd/pr-capability-preflight-pushurl-remediation-20261007T211358Z/original-ci-113013457339.log:358: trailing whitespace.
+2026-10-07T20:57:27.5119611Z [0;34m[INFO][0m 
docs/ai/tdd/pr-capability-preflight-pushurl-remediation-20261007T211358Z/original-ci-113013457339.log:360: trailing whitespace.
+2026-10-07T20:57:27.5120249Z [0;34m[INFO][0m 
docs/ai/tdd/pr-capability-preflight-pushurl-remediation-20261007T211358Z/original-ci-113013457339.log:423: trailing whitespace.
+2026-10-07T21:00:32.0260599Z [0;34m[INFO][0m 
docs/ai/tdd/pr-capability-preflight-pushurl-remediation-20261007T211358Z/original-ci-113013457339.log:424: trailing whitespace.
+2026-10-07T21:00:32.0261190Z [0;34m[INFO][0m 
docs/ai/tdd/pr-capability-preflight-pushurl-remediation-20261007T211358Z/original-ci-113013457339.log:435: trailing whitespace.
+2026-10-07T21:00:32.0272974Z [0;34m[INFO][0m 
docs/ai/tdd/pr-capability-preflight-pushurl-remediation-20261007T211358Z/original-ci-113013457339.log:454: new blank line at EOF.
docs/ai/tdd/pr-capability-preflight-pushurl-remediation-20261007T211358Z/original-ci-113013457365.log:184: trailing whitespace.
+2026-10-07T20:57:20.1792822Z 
docs/ai/tdd/pr-capability-preflight-pushurl-remediation-20261007T211358Z/original-ci-113013457365.log:188: trailing whitespace.
+2026-10-07T20:57:20.1797927Z 
docs/ai/tdd/pr-capability-preflight-pushurl-remediation-20261007T211358Z/original-ci-113013457365.log:191: trailing whitespace.
+2026-10-07T20:57:20.1800833Z 
docs/ai/tdd/pr-capability-preflight-pushurl-remediation-20261007T211358Z/original-ci-113013457365.log:193: trailing whitespace.
+2026-10-07T20:57:20.1801947Z 
docs/ai/tdd/pr-capability-preflight-pushurl-remediation-20261007T211358Z/original-ci-113013457365.log:195: trailing whitespace.
+2026-10-07T20:57:20.1803035Z 
docs/ai/tdd/pr-capability-preflight-pushurl-remediation-20261007T211358Z/original-ci-113013457365.log:197: trailing whitespace.
+2026-10-07T20:57:20.1803966Z 
docs/ai/tdd/pr-capability-preflight-pushurl-remediation-20261007T211358Z/original-ci-113013457365.log:199: trailing whitespace.
+2026-10-07T20:57:20.1805835Z 
docs/ai/tdd/pr-capability-preflight-pushurl-remediation-20261007T211358Z/original-ci-113013457365.log:348: trailing whitespace.
+2026-10-07T20:57:24.8768558Z 
docs/ai/tdd/pr-capability-preflight-pushurl-remediation-20261007T211358Z/original-ci-113013457365.log:351: trailing whitespace.
+2026-10-07T20:57:24.8775936Z 
docs/ai/tdd/pr-capability-preflight-pushurl-remediation-20261007T211358Z/original-ci-113013457365.log:359: trailing whitespace.
+2026-10-07T20:57:25.1778573Z [0;34m[INFO][0m 
docs/ai/tdd/pr-capability-preflight-pushurl-remediation-20261007T211358Z/original-ci-113013457365.log:361: trailing whitespace.
+2026-10-07T20:57:25.1779671Z [0;34m[INFO][0m 
docs/ai/tdd/pr-capability-preflight-pushurl-remediation-20261007T211358Z/original-ci-113013457365.log:412: trailing whitespace.
+2026-10-07T21:00:24.7890370Z 
docs/ai/tdd/pr-capability-preflight-pushurl-remediation-20261007T211358Z/original-ci-113013457365.log:435: trailing whitespace.
+2026-10-07T21:01:10.9637265Z [0;34m[INFO][0m 
docs/ai/tdd/pr-capability-preflight-pushurl-remediation-20261007T211358Z/original-ci-113013457365.log:436: trailing whitespace.
+2026-10-07T21:01:10.9637941Z [0;34m[INFO][0m 
docs/ai/tdd/pr-capability-preflight-pushurl-remediation-20261007T211358Z/original-ci-113013457365.log:447: trailing whitespace.
+2026-10-07T21:01:10.9647277Z [0;34m[INFO][0m 
docs/ai/tdd/pr-capability-preflight-pushurl-remediation-20261007T211358Z/original-ci-113013457365.log:466: new blank line at EOF.
docs/ai/tdd/pr-capability-preflight-pushurl-remediation-20261007T211358Z/original-ci-113013457588.log:183: trailing whitespace.
+2026-10-07T20:57:20.6958755Z 
docs/ai/tdd/pr-capability-preflight-pushurl-remediation-20261007T211358Z/original-ci-113013457588.log:187: trailing whitespace.
+2026-10-07T20:57:20.6963115Z 
docs/ai/tdd/pr-capability-preflight-pushurl-remediation-20261007T211358Z/original-ci-113013457588.log:190: trailing whitespace.
+2026-10-07T20:57:20.6965562Z 
docs/ai/tdd/pr-capability-preflight-pushurl-remediation-20261007T211358Z/original-ci-113013457588.log:192: trailing whitespace.
+2026-10-07T20:57:20.6966332Z 
docs/ai/tdd/pr-capability-preflight-pushurl-remediation-20261007T211358Z/original-ci-113013457588.log:194: trailing whitespace.
+2026-10-07T20:57:20.6967049Z 
docs/ai/tdd/pr-capability-preflight-pushurl-remediation-20261007T211358Z/original-ci-113013457588.log:196: trailing whitespace.
+2026-10-07T20:57:20.6967621Z 
docs/ai/tdd/pr-capability-preflight-pushurl-remediation-20261007T211358Z/original-ci-113013457588.log:198: trailing whitespace.
+2026-10-07T20:57:20.6968993Z 
docs/ai/tdd/pr-capability-preflight-pushurl-remediation-20261007T211358Z/original-ci-113013457588.log:347: trailing whitespace.
+2026-10-07T20:57:24.7489985Z 
docs/ai/tdd/pr-capability-preflight-pushurl-remediation-20261007T211358Z/original-ci-113013457588.log:350: trailing whitespace.
+2026-10-07T20:57:24.7496600Z 
docs/ai/tdd/pr-capability-preflight-pushurl-remediation-20261007T211358Z/original-ci-113013457588.log:358: trailing whitespace.
+2026-10-07T20:57:27.7940223Z [0;34m[INFO][0m 
docs/ai/tdd/pr-capability-preflight-pushurl-remediation-20261007T211358Z/original-ci-113013457588.log:360: trailing whitespace.
+2026-10-07T20:57:27.7940615Z [0;34m[INFO][0m 
docs/ai/tdd/pr-capability-preflight-pushurl-remediation-20261007T211358Z/original-ci-113013457588.log:367: trailing whitespace.
+2026-10-07T20:58:01.5388381Z 
docs/ai/tdd/pr-capability-preflight-pushurl-remediation-20261007T211358Z/original-ci-113013457588.log:370: trailing whitespace.
+2026-10-07T20:58:01.5457351Z 
docs/ai/tdd/pr-capability-preflight-pushurl-remediation-20261007T211358Z/original-ci-113013457588.log:432: trailing whitespace.
+2026-10-07T20:59:38.5735806Z 
docs/ai/tdd/pr-capability-preflight-pushurl-remediation-20261007T211358Z/original-ci-113013457588.log:455: trailing whitespace.
+2026-10-07T21:01:18.9878962Z [0;34m[INFO][0m 
docs/ai/tdd/pr-capability-preflight-pushurl-remediation-20261007T211358Z/original-ci-113013457588.log:456: trailing whitespace.
+2026-10-07T21:01:18.9879264Z [0;34m[INFO][0m 
docs/ai/tdd/pr-capability-preflight-pushurl-remediation-20261007T211358Z/original-ci-113013457588.log:467: trailing whitespace.
+2026-10-07T21:01:18.9884496Z [0;34m[INFO][0m 
docs/ai/tdd/pr-capability-preflight-pushurl-remediation-20261007T211358Z/original-ci-113013457588.log:491: new blank line at EOF.
docs/ai/tdd/pr-capability-preflight-pushurl-remediation-20261007T211358Z/original-ci-113013457677.log:184: trailing whitespace.
+2026-10-07T20:57:20.5597215Z 
docs/ai/tdd/pr-capability-preflight-pushurl-remediation-20261007T211358Z/original-ci-113013457677.log:188: trailing whitespace.
+2026-10-07T20:57:20.5604010Z 
docs/ai/tdd/pr-capability-preflight-pushurl-remediation-20261007T211358Z/original-ci-113013457677.log:191: trailing whitespace.
+2026-10-07T20:57:20.5609556Z 
docs/ai/tdd/pr-capability-preflight-pushurl-remediation-20261007T211358Z/original-ci-113013457677.log:193: trailing whitespace.
+2026-10-07T20:57:20.5611339Z 
docs/ai/tdd/pr-capability-preflight-pushurl-remediation-20261007T211358Z/original-ci-113013457677.log:195: trailing whitespace.
+2026-10-07T20:57:20.5613238Z 
docs/ai/tdd/pr-capability-preflight-pushurl-remediation-20261007T211358Z/original-ci-113013457677.log:197: trailing whitespace.
+2026-10-07T20:57:20.5614648Z 
docs/ai/tdd/pr-capability-preflight-pushurl-remediation-20261007T211358Z/original-ci-113013457677.log:199: trailing whitespace.
+2026-10-07T20:57:20.5617853Z 
docs/ai/tdd/pr-capability-preflight-pushurl-remediation-20261007T211358Z/original-ci-113013457677.log:348: trailing whitespace.
+2026-10-07T20:57:26.1973111Z 
docs/ai/tdd/pr-capability-preflight-pushurl-remediation-20261007T211358Z/original-ci-113013457677.log:351: trailing whitespace.
+2026-10-07T20:57:26.1980332Z 
docs/ai/tdd/pr-capability-preflight-pushurl-remediation-20261007T211358Z/original-ci-113013457677.log:359: trailing whitespace.
+2026-10-07T20:57:26.4714812Z [0;34m[INFO][0m 
docs/ai/tdd/pr-capability-preflight-pushurl-remediation-20261007T211358Z/original-ci-113013457677.log:361: trailing whitespace.
+2026-10-07T20:57:26.4716091Z [0;34m[INFO][0m 
docs/ai/tdd/pr-capability-preflight-pushurl-remediation-20261007T211358Z/original-ci-113013457677.log:399: trailing whitespace.
+2026-10-07T21:00:43.5895050Z 
docs/ai/tdd/pr-capability-preflight-pushurl-remediation-20261007T211358Z/original-ci-113013457677.log:424: trailing whitespace.
+2026-10-07T21:04:33.6790206Z [0;34m[INFO][0m 
docs/ai/tdd/pr-capability-preflight-pushurl-remediation-20261007T211358Z/original-ci-113013457677.log:425: trailing whitespace.
+2026-10-07T21:04:33.6790783Z [0;34m[INFO][0m 
docs/ai/tdd/pr-capability-preflight-pushurl-remediation-20261007T211358Z/original-ci-113013457677.log:436: trailing whitespace.
+2026-10-07T21:04:33.6803999Z [0;34m[INFO][0m 
docs/ai/tdd/pr-capability-preflight-pushurl-remediation-20261007T211358Z/original-ci-113013457677.log:455: new blank line at EOF.
docs/ai/tdd/pr-capability-preflight-pushurl-remediation-20261007T211358Z/pushurl-red.log:8: new blank line at EOF.
docs/ai/tdd/pr-capability-preflight-pushurl-remediation-20261007T211358Z/windows-60983274.log:91: trailing whitespace.
+2026-10-07T20:57:11.0966731Z 
docs/ai/tdd/pr-capability-preflight-pushurl-remediation-20261007T211358Z/windows-60983274.log:95: trailing whitespace.
+2026-10-07T20:57:11.0969738Z 
docs/ai/tdd/pr-capability-preflight-pushurl-remediation-20261007T211358Z/windows-60983274.log:98: trailing whitespace.
+2026-10-07T20:57:11.0971297Z 
docs/ai/tdd/pr-capability-preflight-pushurl-remediation-20261007T211358Z/windows-60983274.log:100: trailing whitespace.
+2026-10-07T20:57:11.0971859Z 
docs/ai/tdd/pr-capability-preflight-pushurl-remediation-20261007T211358Z/windows-60983274.log:102: trailing whitespace.
+2026-10-07T20:57:11.0972374Z 
docs/ai/tdd/pr-capability-preflight-pushurl-remediation-20261007T211358Z/windows-60983274.log:104: trailing whitespace.
+2026-10-07T20:57:11.0972816Z 
docs/ai/tdd/pr-capability-preflight-pushurl-remediation-20261007T211358Z/windows-60983274.log:106: trailing whitespace.
+2026-10-07T20:57:11.0973752Z 
docs/ai/tdd/pr-capability-preflight-pushurl-remediation-20261007T211358Z/windows-60983274.log:1392: new blank line at EOF.
docs/ai/tdd/pr-capability-preflight-remediation-20261007/clone-control-red.log:9: new blank line at EOF.
docs/ai/tdd/pr-capability-preflight-remediation-20261007/native-ci-red.log:91: trailing whitespace.
+2026-10-07T20:24:24.3543327Z 
docs/ai/tdd/pr-capability-preflight-remediation-20261007/native-ci-red.log:95: trailing whitespace.
+2026-10-07T20:24:24.3544714Z 
docs/ai/tdd/pr-capability-preflight-remediation-20261007/native-ci-red.log:98: trailing whitespace.
+2026-10-07T20:24:24.3545416Z 
docs/ai/tdd/pr-capability-preflight-remediation-20261007/native-ci-red.log:100: trailing whitespace.
+2026-10-07T20:24:24.3545647Z 
docs/ai/tdd/pr-capability-preflight-remediation-20261007/native-ci-red.log:102: trailing whitespace.
+2026-10-07T20:24:24.3545858Z 
docs/ai/tdd/pr-capability-preflight-remediation-20261007/native-ci-red.log:104: trailing whitespace.
+2026-10-07T20:24:24.3546026Z 
docs/ai/tdd/pr-capability-preflight-remediation-20261007/native-ci-red.log:106: trailing whitespace.
+2026-10-07T20:24:24.3546417Z 
docs/ai/tdd/pr-capability-preflight-remediation-20261007/native-ci-red.log:1042: trailing whitespace.
+2026-10-07T20:37:07.4151490Z     + FullyQualifiedErrorId : Microsoft.PowerShell.Commands.WriteErrorException,e6d7f2ea-043e-43a9-a649-db2b34d45716.p 
docs/ai/tdd/pr-capability-preflight-remediation-20261007/native-ci-red.log:1044: trailing whitespace.
+2026-10-07T20:37:07.4152189Z  
docs/ai/tdd/pr-capability-preflight-remediation-20261007/native-ci-red.log:1062: new blank line at EOF.
docs/ai/tdd/pr-capability-preflight-validation-20261007T205748Z/ci-failed-113013457339.log:183: trailing whitespace.
+2026-10-07T20:57:21.5963600Z 
docs/ai/tdd/pr-capability-preflight-validation-20261007T205748Z/ci-failed-113013457339.log:187: trailing whitespace.
+2026-10-07T20:57:21.5968638Z 
docs/ai/tdd/pr-capability-preflight-validation-20261007T205748Z/ci-failed-113013457339.log:190: trailing whitespace.
+2026-10-07T20:57:21.5972019Z 
docs/ai/tdd/pr-capability-preflight-validation-20261007T205748Z/ci-failed-113013457339.log:192: trailing whitespace.
+2026-10-07T20:57:21.5973092Z 
docs/ai/tdd/pr-capability-preflight-validation-20261007T205748Z/ci-failed-113013457339.log:194: trailing whitespace.
+2026-10-07T20:57:21.5974369Z 
docs/ai/tdd/pr-capability-preflight-validation-20261007T205748Z/ci-failed-113013457339.log:196: trailing whitespace.
+2026-10-07T20:57:21.5975353Z 
docs/ai/tdd/pr-capability-preflight-validation-20261007T205748Z/ci-failed-113013457339.log:198: trailing whitespace.
+2026-10-07T20:57:21.5977238Z 
docs/ai/tdd/pr-capability-preflight-validation-20261007T205748Z/ci-failed-113013457339.log:347: trailing whitespace.
+2026-10-07T20:57:26.0312490Z 
docs/ai/tdd/pr-capability-preflight-validation-20261007T205748Z/ci-failed-113013457339.log:350: trailing whitespace.
+2026-10-07T20:57:26.0334116Z 
docs/ai/tdd/pr-capability-preflight-validation-20261007T205748Z/ci-failed-113013457339.log:358: trailing whitespace.
+2026-10-07T20:57:27.5119611Z [0;34m[INFO][0m 
docs/ai/tdd/pr-capability-preflight-validation-20261007T205748Z/ci-failed-113013457339.log:360: trailing whitespace.
+2026-10-07T20:57:27.5120249Z [0;34m[INFO][0m 
docs/ai/tdd/pr-capability-preflight-validation-20261007T205748Z/ci-failed-113013457339.log:423: trailing whitespace.
+2026-10-07T21:00:32.0260599Z [0;34m[INFO][0m 
docs/ai/tdd/pr-capability-preflight-validation-20261007T205748Z/ci-failed-113013457339.log:424: trailing whitespace.
+2026-10-07T21:00:32.0261190Z [0;34m[INFO][0m 
docs/ai/tdd/pr-capability-preflight-validation-20261007T205748Z/ci-failed-113013457339.log:435: trailing whitespace.
+2026-10-07T21:00:32.0272974Z [0;34m[INFO][0m 
docs/ai/tdd/pr-capability-preflight-validation-20261007T205748Z/ci-failed-113013457339.log:454: new blank line at EOF.
docs/ai/tdd/pr-capability-preflight-validation-20261007T205748Z/ci-failed-113013457365.log:184: trailing whitespace.
+2026-10-07T20:57:20.1792822Z 
docs/ai/tdd/pr-capability-preflight-validation-20261007T205748Z/ci-failed-113013457365.log:188: trailing whitespace.
+2026-10-07T20:57:20.1797927Z 
docs/ai/tdd/pr-capability-preflight-validation-20261007T205748Z/ci-failed-113013457365.log:191: trailing whitespace.
+2026-10-07T20:57:20.1800833Z 
docs/ai/tdd/pr-capability-preflight-validation-20261007T205748Z/ci-failed-113013457365.log:193: trailing whitespace.
+2026-10-07T20:57:20.1801947Z 
docs/ai/tdd/pr-capability-preflight-validation-20261007T205748Z/ci-failed-113013457365.log:195: trailing whitespace.
+2026-10-07T20:57:20.1803035Z 
docs/ai/tdd/pr-capability-preflight-validation-20261007T205748Z/ci-failed-113013457365.log:197: trailing whitespace.
+2026-10-07T20:57:20.1803966Z 
docs/ai/tdd/pr-capability-preflight-validation-20261007T205748Z/ci-failed-113013457365.log:199: trailing whitespace.
+2026-10-07T20:57:20.1805835Z 
docs/ai/tdd/pr-capability-preflight-validation-20261007T205748Z/ci-failed-113013457365.log:348: trailing whitespace.
+2026-10-07T20:57:24.8768558Z 
docs/ai/tdd/pr-capability-preflight-validation-20261007T205748Z/ci-failed-113013457365.log:351: trailing whitespace.
+2026-10-07T20:57:24.8775936Z 
docs/ai/tdd/pr-capability-preflight-validation-20261007T205748Z/ci-failed-113013457365.log:359: trailing whitespace.
+2026-10-07T20:57:25.1778573Z [0;34m[INFO][0m 
docs/ai/tdd/pr-capability-preflight-validation-20261007T205748Z/ci-failed-113013457365.log:361: trailing whitespace.
+2026-10-07T20:57:25.1779671Z [0;34m[INFO][0m 
docs/ai/tdd/pr-capability-preflight-validation-20261007T205748Z/ci-failed-113013457365.log:412: trailing whitespace.
+2026-10-07T21:00:24.7890370Z 
docs/ai/tdd/pr-capability-preflight-validation-20261007T205748Z/ci-failed-113013457365.log:435: trailing whitespace.
+2026-10-07T21:01:10.9637265Z [0;34m[INFO][0m 
docs/ai/tdd/pr-capability-preflight-validation-20261007T205748Z/ci-failed-113013457365.log:436: trailing whitespace.
+2026-10-07T21:01:10.9637941Z [0;34m[INFO][0m 
docs/ai/tdd/pr-capability-preflight-validation-20261007T205748Z/ci-failed-113013457365.log:447: trailing whitespace.
+2026-10-07T21:01:10.9647277Z [0;34m[INFO][0m 
docs/ai/tdd/pr-capability-preflight-validation-20261007T205748Z/ci-failed-113013457365.log:466: new blank line at EOF.
docs/ai/tdd/pr-capability-preflight-validation-20261007T205748Z/ci-failed-113013457588.log:183: trailing whitespace.
+2026-10-07T20:57:20.6958755Z 
docs/ai/tdd/pr-capability-preflight-validation-20261007T205748Z/ci-failed-113013457588.log:187: trailing whitespace.
+2026-10-07T20:57:20.6963115Z 
docs/ai/tdd/pr-capability-preflight-validation-20261007T205748Z/ci-failed-113013457588.log:190: trailing whitespace.
+2026-10-07T20:57:20.6965562Z 
docs/ai/tdd/pr-capability-preflight-validation-20261007T205748Z/ci-failed-113013457588.log:192: trailing whitespace.
+2026-10-07T20:57:20.6966332Z 
docs/ai/tdd/pr-capability-preflight-validation-20261007T205748Z/ci-failed-113013457588.log:194: trailing whitespace.
+2026-10-07T20:57:20.6967049Z 
docs/ai/tdd/pr-capability-preflight-validation-20261007T205748Z/ci-failed-113013457588.log:196: trailing whitespace.
+2026-10-07T20:57:20.6967621Z 
docs/ai/tdd/pr-capability-preflight-validation-20261007T205748Z/ci-failed-113013457588.log:198: trailing whitespace.
+2026-10-07T20:57:20.6968993Z 
docs/ai/tdd/pr-capability-preflight-validation-20261007T205748Z/ci-failed-113013457588.log:347: trailing whitespace.
+2026-10-07T20:57:24.7489985Z 
docs/ai/tdd/pr-capability-preflight-validation-20261007T205748Z/ci-failed-113013457588.log:350: trailing whitespace.
+2026-10-07T20:57:24.7496600Z 
docs/ai/tdd/pr-capability-preflight-validation-20261007T205748Z/ci-failed-113013457588.log:358: trailing whitespace.
+2026-10-07T20:57:27.7940223Z [0;34m[INFO][0m 
docs/ai/tdd/pr-capability-preflight-validation-20261007T205748Z/ci-failed-113013457588.log:360: trailing whitespace.
+2026-10-07T20:57:27.7940615Z [0;34m[INFO][0m 
docs/ai/tdd/pr-capability-preflight-validation-20261007T205748Z/ci-failed-113013457588.log:367: trailing whitespace.
+2026-10-07T20:58:01.5388381Z 
docs/ai/tdd/pr-capability-preflight-validation-20261007T205748Z/ci-failed-113013457588.log:370: trailing whitespace.
+2026-10-07T20:58:01.5457351Z 
docs/ai/tdd/pr-capability-preflight-validation-20261007T205748Z/ci-failed-113013457588.log:432: trailing whitespace.
+2026-10-07T20:59:38.5735806Z 
docs/ai/tdd/pr-capability-preflight-validation-20261007T205748Z/ci-failed-113013457588.log:455: trailing whitespace.
+2026-10-07T21:01:18.9878962Z [0;34m[INFO][0m 
docs/ai/tdd/pr-capability-preflight-validation-20261007T205748Z/ci-failed-113013457588.log:456: trailing whitespace.
+2026-10-07T21:01:18.9879264Z [0;34m[INFO][0m 
docs/ai/tdd/pr-capability-preflight-validation-20261007T205748Z/ci-failed-113013457588.log:467: trailing whitespace.
+2026-10-07T21:01:18.9884496Z [0;34m[INFO][0m 
docs/ai/tdd/pr-capability-preflight-validation-20261007T205748Z/ci-failed-113013457588.log:491: new blank line at EOF.
docs/ai/tdd/pr-capability-preflight-validation-20261007T205748Z/ci-failed-113013457677.log:184: trailing whitespace.
+2026-10-07T20:57:20.5597215Z 
docs/ai/tdd/pr-capability-preflight-validation-20261007T205748Z/ci-failed-113013457677.log:188: trailing whitespace.
+2026-10-07T20:57:20.5604010Z 
docs/ai/tdd/pr-capability-preflight-validation-20261007T205748Z/ci-failed-113013457677.log:191: trailing whitespace.
+2026-10-07T20:57:20.5609556Z 
docs/ai/tdd/pr-capability-preflight-validation-20261007T205748Z/ci-failed-113013457677.log:193: trailing whitespace.
+2026-10-07T20:57:20.5611339Z 
docs/ai/tdd/pr-capability-preflight-validation-20261007T205748Z/ci-failed-113013457677.log:195: trailing whitespace.
+2026-10-07T20:57:20.5613238Z 
docs/ai/tdd/pr-capability-preflight-validation-20261007T205748Z/ci-failed-113013457677.log:197: trailing whitespace.
+2026-10-07T20:57:20.5614648Z 
docs/ai/tdd/pr-capability-preflight-validation-20261007T205748Z/ci-failed-113013457677.log:199: trailing whitespace.
+2026-10-07T20:57:20.5617853Z 
docs/ai/tdd/pr-capability-preflight-validation-20261007T205748Z/ci-failed-113013457677.log:348: trailing whitespace.
+2026-10-07T20:57:26.1973111Z 
docs/ai/tdd/pr-capability-preflight-validation-20261007T205748Z/ci-failed-113013457677.log:351: trailing whitespace.
+2026-10-07T20:57:26.1980332Z 
docs/ai/tdd/pr-capability-preflight-validation-20261007T205748Z/ci-failed-113013457677.log:359: trailing whitespace.
+2026-10-07T20:57:26.4714812Z [0;34m[INFO][0m 
docs/ai/tdd/pr-capability-preflight-validation-20261007T205748Z/ci-failed-113013457677.log:361: trailing whitespace.
+2026-10-07T20:57:26.4716091Z [0;34m[INFO][0m 
docs/ai/tdd/pr-capability-preflight-validation-20261007T205748Z/ci-failed-113013457677.log:399: trailing whitespace.
+2026-10-07T21:00:43.5895050Z 
docs/ai/tdd/pr-capability-preflight-validation-20261007T205748Z/ci-failed-113013457677.log:424: trailing whitespace.
+2026-10-07T21:04:33.6790206Z [0;34m[INFO][0m 
docs/ai/tdd/pr-capability-preflight-validation-20261007T205748Z/ci-failed-113013457677.log:425: trailing whitespace.
+2026-10-07T21:04:33.6790783Z [0;34m[INFO][0m 
docs/ai/tdd/pr-capability-preflight-validation-20261007T205748Z/ci-failed-113013457677.log:436: trailing whitespace.
+2026-10-07T21:04:33.6803999Z [0;34m[INFO][0m 
docs/ai/tdd/pr-capability-preflight-validation-20261007T205748Z/ci-failed-113013457677.log:455: new blank line at EOF.
docs/ai/tdd/pr-capability-preflight-validation-20261007T205748Z/native-linux.log:104: trailing whitespace.
+2026-10-07T20:57:04.3954550Z 
docs/ai/tdd/pr-capability-preflight-validation-20261007T205748Z/native-linux.log:108: trailing whitespace.
+2026-10-07T20:57:04.3960928Z 
docs/ai/tdd/pr-capability-preflight-validation-20261007T205748Z/native-linux.log:111: trailing whitespace.
+2026-10-07T20:57:04.3964078Z 
docs/ai/tdd/pr-capability-preflight-validation-20261007T205748Z/native-linux.log:113: trailing whitespace.
+2026-10-07T20:57:04.3965449Z 
docs/ai/tdd/pr-capability-preflight-validation-20261007T205748Z/native-linux.log:115: trailing whitespace.
+2026-10-07T20:57:04.3966641Z 
docs/ai/tdd/pr-capability-preflight-validation-20261007T205748Z/native-linux.log:117: trailing whitespace.
+2026-10-07T20:57:04.3967762Z 
docs/ai/tdd/pr-capability-preflight-validation-20261007T205748Z/native-linux.log:119: trailing whitespace.
+2026-10-07T20:57:04.3970413Z 
docs/ai/tdd/pr-capability-preflight-validation-20261007T205748Z/native-linux.log:515: trailing whitespace.
+2026-10-07T20:58:38.5241108Z 
docs/ai/tdd/pr-capability-preflight-validation-20261007T205748Z/native-linux.log:537: new blank line at EOF.
docs/ai/tdd/pr-capability-preflight-validation-20261007T213247Z/ci-job-113027738596.log:181: trailing whitespace.
+2026-10-07T21:32:14.6789413Z 
docs/ai/tdd/pr-capability-preflight-validation-20261007T213247Z/ci-job-113027738596.log:185: trailing whitespace.
+2026-10-07T21:32:14.6793290Z 
docs/ai/tdd/pr-capability-preflight-validation-20261007T213247Z/ci-job-113027738596.log:188: trailing whitespace.
+2026-10-07T21:32:14.6795581Z 
docs/ai/tdd/pr-capability-preflight-validation-20261007T213247Z/ci-job-113027738596.log:190: trailing whitespace.
+2026-10-07T21:32:14.6796289Z 
docs/ai/tdd/pr-capability-preflight-validation-20261007T213247Z/ci-job-113027738596.log:192: trailing whitespace.
+2026-10-07T21:32:14.6796968Z 
docs/ai/tdd/pr-capability-preflight-validation-20261007T213247Z/ci-job-113027738596.log:194: trailing whitespace.
+2026-10-07T21:32:14.6797514Z 
docs/ai/tdd/pr-capability-preflight-validation-20261007T213247Z/ci-job-113027738596.log:196: trailing whitespace.
+2026-10-07T21:32:14.6799109Z 
docs/ai/tdd/pr-capability-preflight-validation-20261007T213247Z/ci-job-113027738596.log:244: new blank line at EOF.
docs/ai/tdd/pr-capability-preflight-validation-20261007T213247Z/ci-job-113027738990.log:106: new blank line at EOF.
docs/ai/tdd/pr-capability-preflight-validation-20261007T213247Z/ci-job-113027740101.log:109: new blank line at EOF.
docs/ai/tdd/pr-capability-preflight-validation-20261007T213247Z/ci-job-113027740497.log:108: new blank line at EOF.
docs/ai/tdd/pr-capability-preflight-validation-20261007T213247Z/ci-job-113027740655.log:105: trailing whitespace.
+2026-10-07T21:32:13.4191930Z 
docs/ai/tdd/pr-capability-preflight-validation-20261007T213247Z/ci-job-113027740655.log:109: trailing whitespace.
+2026-10-07T21:32:13.4193799Z 
docs/ai/tdd/pr-capability-preflight-validation-20261007T213247Z/ci-job-113027740655.log:112: trailing whitespace.
+2026-10-07T21:32:13.4194711Z 
docs/ai/tdd/pr-capability-preflight-validation-20261007T213247Z/ci-job-113027740655.log:114: trailing whitespace.
+2026-10-07T21:32:13.4196044Z 
docs/ai/tdd/pr-capability-preflight-validation-20261007T213247Z/ci-job-113027740655.log:116: trailing whitespace.
+2026-10-07T21:32:13.4196597Z 
docs/ai/tdd/pr-capability-preflight-validation-20261007T213247Z/ci-job-113027740655.log:118: trailing whitespace.
+2026-10-07T21:32:13.4196883Z 
docs/ai/tdd/pr-capability-preflight-validation-20261007T213247Z/ci-job-113027740655.log:120: trailing whitespace.
+2026-10-07T21:32:13.4197375Z 
docs/ai/tdd/pr-capability-preflight-validation-20261007T213247Z/ci-job-113027740655.log:522: trailing whitespace.
+2026-10-07T21:33:40.9764539Z 
docs/ai/tdd/pr-capability-preflight-validation-20261007T213247Z/ci-job-113027740655.log:544: new blank line at EOF.
docs/ai/tdd/pr-capability-preflight-validation-20261007T213247Z/ci-job-113027852639.log:183: trailing whitespace.
+2026-10-07T21:32:34.2069476Z 
docs/ai/tdd/pr-capability-preflight-validation-20261007T213247Z/ci-job-113027852639.log:187: trailing whitespace.
+2026-10-07T21:32:34.2072735Z 
docs/ai/tdd/pr-capability-preflight-validation-20261007T213247Z/ci-job-113027852639.log:190: trailing whitespace.
+2026-10-07T21:32:34.2074986Z 
docs/ai/tdd/pr-capability-preflight-validation-20261007T213247Z/ci-job-113027852639.log:192: trailing whitespace.
+2026-10-07T21:32:34.2075640Z 
docs/ai/tdd/pr-capability-preflight-validation-20261007T213247Z/ci-job-113027852639.log:194: trailing whitespace.
+2026-10-07T21:32:34.2076250Z 
docs/ai/tdd/pr-capability-preflight-validation-20261007T213247Z/ci-job-113027852639.log:196: trailing whitespace.
+2026-10-07T21:32:34.2076738Z 
docs/ai/tdd/pr-capability-preflight-validation-20261007T213247Z/ci-job-113027852639.log:198: trailing whitespace.
+2026-10-07T21:32:34.2078268Z 
docs/ai/tdd/pr-capability-preflight-validation-20261007T213247Z/ci-job-113027852639.log:347: trailing whitespace.
+2026-10-07T21:32:39.2067263Z 
docs/ai/tdd/pr-capability-preflight-validation-20261007T213247Z/ci-job-113027852639.log:350: trailing whitespace.
+2026-10-07T21:32:39.2072913Z 
docs/ai/tdd/pr-capability-preflight-validation-20261007T213247Z/ci-job-113027852639.log:358: trailing whitespace.
+2026-10-07T21:32:39.4500109Z [0;34m[INFO][0m 
docs/ai/tdd/pr-capability-preflight-validation-20261007T213247Z/ci-job-113027852639.log:360: trailing whitespace.
+2026-10-07T21:33:51.3236604Z [0;34m[INFO][0m 
docs/ai/tdd/pr-capability-preflight-validation-20261007T213247Z/ci-job-113027852639.log:423: trailing whitespace.
+2026-10-07T21:36:03.6009924Z [0;34m[INFO][0m 
docs/ai/tdd/pr-capability-preflight-validation-20261007T213247Z/ci-job-113027852639.log:424: trailing whitespace.
+2026-10-07T21:36:03.6010408Z [0;34m[INFO][0m 
docs/ai/tdd/pr-capability-preflight-validation-20261007T213247Z/ci-job-113027852639.log:435: trailing whitespace.
+2026-10-07T21:36:03.6021538Z [0;34m[INFO][0m 
docs/ai/tdd/pr-capability-preflight-validation-20261007T213247Z/ci-job-113027852639.log:454: new blank line at EOF.
docs/ai/tdd/pr-capability-preflight-validation-20261007T213247Z/ci-job-113027852672.log:184: trailing whitespace.
+2026-10-07T21:32:32.1287891Z 
docs/ai/tdd/pr-capability-preflight-validation-20261007T213247Z/ci-job-113027852672.log:188: trailing whitespace.
+2026-10-07T21:32:32.1290975Z 
docs/ai/tdd/pr-capability-preflight-validation-20261007T213247Z/ci-job-113027852672.log:191: trailing whitespace.
+2026-10-07T21:32:32.1296568Z 
docs/ai/tdd/pr-capability-preflight-validation-20261007T213247Z/ci-job-113027852672.log:193: trailing whitespace.
+2026-10-07T21:32:32.1297227Z 
docs/ai/tdd/pr-capability-preflight-validation-20261007T213247Z/ci-job-113027852672.log:195: trailing whitespace.
+2026-10-07T21:32:32.1297846Z 
docs/ai/tdd/pr-capability-preflight-validation-20261007T213247Z/ci-job-113027852672.log:197: trailing whitespace.
+2026-10-07T21:32:32.1298345Z 
docs/ai/tdd/pr-capability-preflight-validation-20261007T213247Z/ci-job-113027852672.log:199: trailing whitespace.
+2026-10-07T21:32:32.1299937Z 
docs/ai/tdd/pr-capability-preflight-validation-20261007T213247Z/ci-job-113027852672.log:348: trailing whitespace.
+2026-10-07T21:32:37.0811296Z 
docs/ai/tdd/pr-capability-preflight-validation-20261007T213247Z/ci-job-113027852672.log:351: trailing whitespace.
+2026-10-07T21:32:37.0841718Z 
docs/ai/tdd/pr-capability-preflight-validation-20261007T213247Z/ci-job-113027852672.log:359: trailing whitespace.
+2026-10-07T21:32:38.0730826Z [0;34m[INFO][0m 
docs/ai/tdd/pr-capability-preflight-validation-20261007T213247Z/ci-job-113027852672.log:361: trailing whitespace.
+2026-10-07T21:32:38.0732263Z [0;34m[INFO][0m 
docs/ai/tdd/pr-capability-preflight-validation-20261007T213247Z/ci-job-113027852672.log:367: trailing whitespace.
+2026-10-07T21:33:17.6464141Z 
docs/ai/tdd/pr-capability-preflight-validation-20261007T213247Z/ci-job-113027852672.log:370: trailing whitespace.
+2026-10-07T21:33:17.6487587Z 
docs/ai/tdd/pr-capability-preflight-validation-20261007T213247Z/ci-job-113027852672.log:433: trailing whitespace.
+2026-10-07T21:35:46.7642946Z 
docs/ai/tdd/pr-capability-preflight-validation-20261007T213247Z/ci-job-113027852672.log:456: trailing whitespace.
+2026-10-07T21:38:15.6562428Z [0;34m[INFO][0m 
docs/ai/tdd/pr-capability-preflight-validation-20261007T213247Z/ci-job-113027852672.log:457: trailing whitespace.
+2026-10-07T21:38:15.6562926Z [0;34m[INFO][0m 
docs/ai/tdd/pr-capability-preflight-validation-20261007T213247Z/ci-job-113027852672.log:469: trailing whitespace.
+2026-10-07T21:38:15.6570570Z [0;34m[INFO][0m 
docs/ai/tdd/pr-capability-preflight-validation-20261007T213247Z/ci-job-113027852672.log:492: new blank line at EOF.
docs/ai/tdd/pr-capability-preflight-validation-20261007T213247Z/ci-job-113027852720.log:183: trailing whitespace.
+2026-10-07T21:32:31.7598137Z 
docs/ai/tdd/pr-capability-preflight-validation-20261007T213247Z/ci-job-113027852720.log:187: trailing whitespace.
+2026-10-07T21:32:31.7606880Z 
docs/ai/tdd/pr-capability-preflight-validation-20261007T213247Z/ci-job-113027852720.log:190: trailing whitespace.
+2026-10-07T21:32:31.7612282Z 
docs/ai/tdd/pr-capability-preflight-validation-20261007T213247Z/ci-job-113027852720.log:192: trailing whitespace.
+2026-10-07T21:32:31.7614013Z 
docs/ai/tdd/pr-capability-preflight-validation-20261007T213247Z/ci-job-113027852720.log:194: trailing whitespace.
+2026-10-07T21:32:31.7615727Z 
docs/ai/tdd/pr-capability-preflight-validation-20261007T213247Z/ci-job-113027852720.log:196: trailing whitespace.
+2026-10-07T21:32:31.7616754Z 
docs/ai/tdd/pr-capability-preflight-validation-20261007T213247Z/ci-job-113027852720.log:198: trailing whitespace.
+2026-10-07T21:32:31.7619765Z 
docs/ai/tdd/pr-capability-preflight-validation-20261007T213247Z/ci-job-113027852720.log:347: trailing whitespace.
+2026-10-07T21:32:36.5563124Z 
docs/ai/tdd/pr-capability-preflight-validation-20261007T213247Z/ci-job-113027852720.log:350: trailing whitespace.
+2026-10-07T21:32:36.5570529Z 
docs/ai/tdd/pr-capability-preflight-validation-20261007T213247Z/ci-job-113027852720.log:358: trailing whitespace.
+2026-10-07T21:32:38.1011860Z [0;34m[INFO][0m 
docs/ai/tdd/pr-capability-preflight-validation-20261007T213247Z/ci-job-113027852720.log:360: trailing whitespace.
+2026-10-07T21:32:38.1012930Z [0;34m[INFO][0m 
docs/ai/tdd/pr-capability-preflight-validation-20261007T213247Z/ci-job-113027852720.log:412: trailing whitespace.
+2026-10-07T21:35:26.9751215Z 
docs/ai/tdd/pr-capability-preflight-validation-20261007T213247Z/ci-job-113027852720.log:434: trailing whitespace.
+2026-10-07T21:36:00.5942012Z [0;34m[INFO][0m 
docs/ai/tdd/pr-capability-preflight-validation-20261007T213247Z/ci-job-113027852720.log:435: trailing whitespace.
+2026-10-07T21:36:00.5942783Z [0;34m[INFO][0m 
docs/ai/tdd/pr-capability-preflight-validation-20261007T213247Z/ci-job-113027852720.log:446: trailing whitespace.
+2026-10-07T21:36:00.5951865Z [0;34m[INFO][0m 
docs/ai/tdd/pr-capability-preflight-validation-20261007T213247Z/ci-job-113027852720.log:465: new blank line at EOF.
docs/ai/tdd/pr-capability-preflight-validation-20261007T213247Z/ci-job-113027852777.log:183: trailing whitespace.
+2026-10-07T21:32:32.0435304Z 
docs/ai/tdd/pr-capability-preflight-validation-20261007T213247Z/ci-job-113027852777.log:187: trailing whitespace.
+2026-10-07T21:32:32.0444922Z 
docs/ai/tdd/pr-capability-preflight-validation-20261007T213247Z/ci-job-113027852777.log:190: trailing whitespace.
+2026-10-07T21:32:32.0450643Z 
docs/ai/tdd/pr-capability-preflight-validation-20261007T213247Z/ci-job-113027852777.log:192: trailing whitespace.
+2026-10-07T21:32:32.0452477Z 
docs/ai/tdd/pr-capability-preflight-validation-20261007T213247Z/ci-job-113027852777.log:194: trailing whitespace.
+2026-10-07T21:32:32.0454227Z 
docs/ai/tdd/pr-capability-preflight-validation-20261007T213247Z/ci-job-113027852777.log:196: trailing whitespace.
+2026-10-07T21:32:32.0455663Z 
docs/ai/tdd/pr-capability-preflight-validation-20261007T213247Z/ci-job-113027852777.log:198: trailing whitespace.
+2026-10-07T21:32:32.0459192Z 
docs/ai/tdd/pr-capability-preflight-validation-20261007T213247Z/ci-job-113027852777.log:347: trailing whitespace.
+2026-10-07T21:32:36.8226485Z 
docs/ai/tdd/pr-capability-preflight-validation-20261007T213247Z/ci-job-113027852777.log:350: trailing whitespace.
+2026-10-07T21:32:36.8233898Z 
docs/ai/tdd/pr-capability-preflight-validation-20261007T213247Z/ci-job-113027852777.log:358: trailing whitespace.
+2026-10-07T21:32:37.9725403Z [0;34m[INFO][0m 
docs/ai/tdd/pr-capability-preflight-validation-20261007T213247Z/ci-job-113027852777.log:360: trailing whitespace.
+2026-10-07T21:32:37.9726659Z [0;34m[INFO][0m 
docs/ai/tdd/pr-capability-preflight-validation-20261007T213247Z/ci-job-113027852777.log:434: trailing whitespace.
+2026-10-07T21:35:08.9106709Z 
docs/ai/tdd/pr-capability-preflight-validation-20261007T213247Z/ci-job-113027852777.log:495: trailing whitespace.
+2026-10-07T21:36:36.8551874Z [0;34m[INFO][0m 
docs/ai/tdd/pr-capability-preflight-validation-20261007T213247Z/ci-job-113027852777.log:496: trailing whitespace.
+2026-10-07T21:36:36.8552381Z [0;34m[INFO][0m 
docs/ai/tdd/pr-capability-preflight-validation-20261007T213247Z/ci-job-113027852777.log:507: trailing whitespace.
+2026-10-07T21:36:36.8566639Z [0;34m[INFO][0m 
docs/ai/tdd/pr-capability-preflight-validation-20261007T213247Z/ci-job-113027852777.log:526: new blank line at EOF.
docs/ai/tdd/pr-capability-preflight-validation-20261007T213247Z/full-framework.log:12: trailing whitespace.
+[0;34m[INFO][0m 
docs/ai/tdd/pr-capability-preflight-validation-20261007T213247Z/full-framework.log:14: trailing whitespace.
+[0;34m[INFO][0m 
docs/ai/tdd/spec-pr-capability-preflight/mutation-TEST-001.txt:20: new blank line at EOF.
docs/ai/tdd/spec-pr-capability-preflight/mutation-TEST-002.txt:20: new blank line at EOF.
docs/ai/tdd/spec-pr-capability-preflight/mutation-TEST-003.2026-10-07T12-32-21Z.txt:20: new blank line at EOF.
docs/ai/tdd/spec-pr-capability-preflight/mutation-TEST-003.txt:20: new blank line at EOF.
docs/ai/tdd/spec-pr-capability-preflight/mutation-TEST-004.2026-10-07T12-32-59Z.txt:45: new blank line at EOF.
docs/ai/tdd/spec-pr-capability-preflight/mutation-TEST-004.txt:45: new blank line at EOF.
docs/ai/tdd/spec-pr-capability-preflight/mutation-TEST-005.txt:23: new blank line at EOF.
docs/ai/tdd/spec-pr-capability-preflight/mutation-TEST-007.txt:20: new blank line at EOF.
docs/ai/tdd/test008-native-20261008T000204Z/blank-fixture-unreached.log:30: new blank line at EOF.
docs/ai/tdd/test008-native-20261008T000204Z/full-shard1.log:184: trailing whitespace.
+2026-10-08T00:19:04.7388178Z 
docs/ai/tdd/test008-native-20261008T000204Z/full-shard1.log:188: trailing whitespace.
+2026-10-08T00:19:04.7392725Z 
docs/ai/tdd/test008-native-20261008T000204Z/full-shard1.log:191: trailing whitespace.
+2026-10-08T00:19:04.7395412Z 
docs/ai/tdd/test008-native-20261008T000204Z/full-shard1.log:193: trailing whitespace.
+2026-10-08T00:19:04.7396545Z 
docs/ai/tdd/test008-native-20261008T000204Z/full-shard1.log:195: trailing whitespace.
+2026-10-08T00:19:04.7397183Z 
docs/ai/tdd/test008-native-20261008T000204Z/full-shard1.log:197: trailing whitespace.
+2026-10-08T00:19:04.7397684Z 
docs/ai/tdd/test008-native-20261008T000204Z/full-shard1.log:199: trailing whitespace.
+2026-10-08T00:19:04.7399336Z 
docs/ai/tdd/test008-native-20261008T000204Z/full-shard1.log:348: trailing whitespace.
+2026-10-08T00:19:10.0034354Z 
docs/ai/tdd/test008-native-20261008T000204Z/full-shard1.log:351: trailing whitespace.
+2026-10-08T00:19:10.0043573Z 
docs/ai/tdd/test008-native-20261008T000204Z/full-shard1.log:359: trailing whitespace.
+2026-10-08T00:19:10.7921749Z [0;34m[INFO][0m 
docs/ai/tdd/test008-native-20261008T000204Z/full-shard1.log:361: trailing whitespace.
+2026-10-08T00:20:29.9679183Z [0;34m[INFO][0m 
docs/ai/tdd/test008-native-20261008T000204Z/full-shard1.log:424: trailing whitespace.
+2026-10-08T00:22:44.4127387Z [0;34m[INFO][0m 
docs/ai/tdd/test008-native-20261008T000204Z/full-shard1.log:425: trailing whitespace.
+2026-10-08T00:22:44.4127896Z [0;34m[INFO][0m 
docs/ai/tdd/test008-native-20261008T000204Z/full-shard1.log:436: trailing whitespace.
+2026-10-08T00:22:44.4139436Z [0;34m[INFO][0m 
docs/ai/tdd/test008-native-20261008T000204Z/full-shard2.log:183: trailing whitespace.
+2026-10-08T00:19:03.4580322Z 
docs/ai/tdd/test008-native-20261008T000204Z/full-shard2.log:187: trailing whitespace.
+2026-10-08T00:19:03.4587811Z 
docs/ai/tdd/test008-native-20261008T000204Z/full-shard2.log:190: trailing whitespace.
+2026-10-08T00:19:03.4591983Z 
docs/ai/tdd/test008-native-20261008T000204Z/full-shard2.log:192: trailing whitespace.
+2026-10-08T00:19:03.4593536Z 
docs/ai/tdd/test008-native-20261008T000204Z/full-shard2.log:194: trailing whitespace.
+2026-10-08T00:19:03.4595126Z 
docs/ai/tdd/test008-native-20261008T000204Z/full-shard2.log:196: trailing whitespace.
+2026-10-08T00:19:03.4596242Z 
docs/ai/tdd/test008-native-20261008T000204Z/full-shard2.log:198: trailing whitespace.
+2026-10-08T00:19:03.4599449Z 
docs/ai/tdd/test008-native-20261008T000204Z/full-shard2.log:347: trailing whitespace.
+2026-10-08T00:19:08.5307309Z 
docs/ai/tdd/test008-native-20261008T000204Z/full-shard2.log:350: trailing whitespace.
+2026-10-08T00:19:08.5337480Z 
docs/ai/tdd/test008-native-20261008T000204Z/full-shard2.log:358: trailing whitespace.
+2026-10-08T00:19:09.5679232Z [0;34m[INFO][0m 
docs/ai/tdd/test008-native-20261008T000204Z/full-shard2.log:360: trailing whitespace.
+2026-10-08T00:19:09.5680369Z [0;34m[INFO][0m 
docs/ai/tdd/test008-native-20261008T000204Z/full-shard2.log:366: trailing whitespace.
+2026-10-08T00:19:49.0709647Z 
docs/ai/tdd/test008-native-20261008T000204Z/full-shard2.log:369: trailing whitespace.
+2026-10-08T00:19:49.0711985Z 
docs/ai/tdd/test008-native-20261008T000204Z/full-shard2.log:432: trailing whitespace.
+2026-10-08T00:22:24.3546354Z 
docs/ai/tdd/test008-native-20261008T000204Z/full-shard2.log:455: trailing whitespace.
+2026-10-08T00:24:36.7035927Z [0;34m[INFO][0m 
docs/ai/tdd/test008-native-20261008T000204Z/full-shard2.log:456: trailing whitespace.
+2026-10-08T00:24:36.7036477Z [0;34m[INFO][0m 
docs/ai/tdd/test008-native-20261008T000204Z/full-shard2.log:468: trailing whitespace.
+2026-10-08T00:24:36.7050939Z [0;34m[INFO][0m 
docs/ai/tdd/test008-native-20261008T000204Z/full-shard3.log:183: trailing whitespace.
+2026-10-08T00:19:04.1891273Z 
docs/ai/tdd/test008-native-20261008T000204Z/full-shard3.log:187: trailing whitespace.
+2026-10-08T00:19:04.1897569Z 
docs/ai/tdd/test008-native-20261008T000204Z/full-shard3.log:190: trailing whitespace.
+2026-10-08T00:19:04.1902381Z 
docs/ai/tdd/test008-native-20261008T000204Z/full-shard3.log:192: trailing whitespace.
+2026-10-08T00:19:04.1904325Z 
docs/ai/tdd/test008-native-20261008T000204Z/full-shard3.log:194: trailing whitespace.
+2026-10-08T00:19:04.1906039Z 
docs/ai/tdd/test008-native-20261008T000204Z/full-shard3.log:196: trailing whitespace.
+2026-10-08T00:19:04.1907544Z 
docs/ai/tdd/test008-native-20261008T000204Z/full-shard3.log:198: trailing whitespace.
+2026-10-08T00:19:04.1911448Z 
docs/ai/tdd/test008-native-20261008T000204Z/full-shard3.log:347: trailing whitespace.
+2026-10-08T00:19:08.6502466Z 
docs/ai/tdd/test008-native-20261008T000204Z/full-shard3.log:350: trailing whitespace.
+2026-10-08T00:19:08.6512149Z 
docs/ai/tdd/test008-native-20261008T000204Z/full-shard3.log:358: trailing whitespace.
+2026-10-08T00:19:09.7896017Z [0;34m[INFO][0m 
docs/ai/tdd/test008-native-20261008T000204Z/full-shard3.log:360: trailing whitespace.
+2026-10-08T00:19:09.7897286Z [0;34m[INFO][0m 
docs/ai/tdd/test008-native-20261008T000204Z/full-shard3.log:411: trailing whitespace.
+2026-10-08T00:21:54.3586208Z 
docs/ai/tdd/test008-native-20261008T000204Z/full-shard3.log:434: trailing whitespace.
+2026-10-08T00:22:33.5845604Z [0;34m[INFO][0m 
docs/ai/tdd/test008-native-20261008T000204Z/full-shard3.log:435: trailing whitespace.
+2026-10-08T00:22:33.5846127Z [0;34m[INFO][0m 
docs/ai/tdd/test008-native-20261008T000204Z/full-shard3.log:446: trailing whitespace.
+2026-10-08T00:22:33.5853232Z [0;34m[INFO][0m 
docs/ai/tdd/test008-native-20261008T000204Z/full-shard4.log:184: trailing whitespace.
+2026-10-08T00:19:04.8184597Z 
docs/ai/tdd/test008-native-20261008T000204Z/full-shard4.log:188: trailing whitespace.
+2026-10-08T00:19:04.8186787Z 
docs/ai/tdd/test008-native-20261008T000204Z/full-shard4.log:191: trailing whitespace.
+2026-10-08T00:19:04.8188054Z 
docs/ai/tdd/test008-native-20261008T000204Z/full-shard4.log:193: trailing whitespace.
+2026-10-08T00:19:04.8188479Z 
docs/ai/tdd/test008-native-20261008T000204Z/full-shard4.log:195: trailing whitespace.
+2026-10-08T00:19:04.8188827Z 
docs/ai/tdd/test008-native-20261008T000204Z/full-shard4.log:197: trailing whitespace.
+2026-10-08T00:19:04.8189106Z 
docs/ai/tdd/test008-native-20261008T000204Z/full-shard4.log:199: trailing whitespace.
+2026-10-08T00:19:04.8190022Z 
docs/ai/tdd/test008-native-20261008T000204Z/full-shard4.log:348: trailing whitespace.
+2026-10-08T00:19:09.8138804Z 
docs/ai/tdd/test008-native-20261008T000204Z/full-shard4.log:351: trailing whitespace.
+2026-10-08T00:19:09.8145440Z 
docs/ai/tdd/test008-native-20261008T000204Z/full-shard4.log:359: trailing whitespace.
+2026-10-08T00:19:11.0802172Z [0;34m[INFO][0m 
docs/ai/tdd/test008-native-20261008T000204Z/full-shard4.log:361: trailing whitespace.
+2026-10-08T00:19:11.0803691Z [0;34m[INFO][0m 
docs/ai/tdd/test008-native-20261008T000204Z/full-shard4.log:399: trailing whitespace.
+2026-10-08T00:22:30.0919943Z 
docs/ai/tdd/test008-native-20261008T000204Z/full-shard4.log:424: trailing whitespace.
+2026-10-08T00:26:42.8336799Z [0;34m[INFO][0m 
docs/ai/tdd/test008-native-20261008T000204Z/full-shard4.log:425: trailing whitespace.
+2026-10-08T00:26:42.8337344Z [0;34m[INFO][0m 
docs/ai/tdd/test008-native-20261008T000204Z/full-shard4.log:436: trailing whitespace.
+2026-10-08T00:26:42.8345988Z [0;34m[INFO][0m 
docs/ai/tdd/test008-native-20261008T000204Z/git243-before.raw.log:8: new blank line at EOF.
docs/ai/tdd/test008-native-20261008T000204Z/git243-before.red.log:9: new blank line at EOF.
docs/ai/tdd/test008-native-20261008T000204Z/native-linux.log:105: trailing whitespace.
+2026-10-08T00:18:47.4592757Z 
docs/ai/tdd/test008-native-20261008T000204Z/native-linux.log:109: trailing whitespace.
+2026-10-08T00:18:47.4596892Z 
docs/ai/tdd/test008-native-20261008T000204Z/native-linux.log:112: trailing whitespace.
+2026-10-08T00:18:47.4598869Z 
docs/ai/tdd/test008-native-20261008T000204Z/native-linux.log:114: trailing whitespace.
+2026-10-08T00:18:47.4599881Z 
docs/ai/tdd/test008-native-20261008T000204Z/native-linux.log:116: trailing whitespace.
+2026-10-08T00:18:47.4601826Z 
docs/ai/tdd/test008-native-20261008T000204Z/native-linux.log:118: trailing whitespace.
+2026-10-08T00:18:47.4602486Z 
docs/ai/tdd/test008-native-20261008T000204Z/native-linux.log:120: trailing whitespace.
+2026-10-08T00:18:47.4603658Z 
docs/ai/tdd/test008-native-20261008T000204Z/native-linux.log:574: trailing whitespace.
+2026-10-08T00:20:47.5057882Z 
docs/ai/tdd/test008-native-20261008T000204Z/native-windows.log:1: trailing whitespace.
+﻿2026-10-08T00:18:45.3982954Z Current runner version: '2.337.0'
docs/ai/tdd/test008-native-20261008T000204Z/native-windows.log:2: trailing whitespace.
+2026-10-08T00:18:45.4009905Z ##[group]Runner Image Provisioner
docs/ai/tdd/test008-native-20261008T000204Z/native-windows.log:3: trailing whitespace.
+2026-10-08T00:18:45.4010763Z Hosted Compute Agent
docs/ai/tdd/test008-native-20261008T000204Z/native-windows.log:4: trailing whitespace.
+2026-10-08T00:18:45.4011381Z Version: 20260901.588
docs/ai/tdd/test008-native-20261008T000204Z/native-windows.log:5: trailing whitespace.
+2026-10-08T00:18:45.4011990Z Commit: f88ec8081b781fac6c440065ac7ff9e710ce3d0b
docs/ai/tdd/test008-native-20261008T000204Z/native-windows.log:6: trailing whitespace.
+2026-10-08T00:18:45.4012679Z Build Date: 2026-09-01T19:56:44Z
docs/ai/tdd/test008-native-20261008T000204Z/native-windows.log:7: trailing whitespace.
+2026-10-08T00:18:45.4013338Z Worker ID: {84026f31-0ab8-406e-9752-024af32cffd1}
docs/ai/tdd/test008-native-20261008T000204Z/native-windows.log:8: trailing whitespace.
+2026-10-08T00:18:45.4014010Z Azure Region: westus3
docs/ai/tdd/test008-native-20261008T000204Z/native-windows.log:9: trailing whitespace.
+2026-10-08T00:18:45.4014556Z ##[endgroup]
docs/ai/tdd/test008-native-20261008T000204Z/native-windows.log:10: trailing whitespace.
+2026-10-08T00:18:45.4015975Z ##[group]Operating System
docs/ai/tdd/test008-native-20261008T000204Z/native-windows.log:11: trailing whitespace.
+2026-10-08T00:18:45.4017410Z Microsoft Windows Server 2025
docs/ai/tdd/test008-native-20261008T000204Z/native-windows.log:12: trailing whitespace.
+2026-10-08T00:18:45.4018879Z 10.0.26100
docs/ai/tdd/test008-native-20261008T000204Z/native-windows.log:13: trailing whitespace.
+2026-10-08T00:18:45.4019749Z Datacenter
docs/ai/tdd/test008-native-20261008T000204Z/native-windows.log:14: trailing whitespace.
+2026-10-08T00:18:45.4020659Z ##[endgroup]
docs/ai/tdd/test008-native-20261008T000204Z/native-windows.log:15: trailing whitespace.
+2026-10-08T00:18:45.4021536Z ##[group]Runner Image
docs/ai/tdd/test008-native-20261008T000204Z/native-windows.log:16: trailing whitespace.
+2026-10-08T00:18:45.4023089Z Image: windows-2025-vs2026
docs/ai/tdd/test008-native-20261008T000204Z/native-windows.log:17: trailing whitespace.
+2026-10-08T00:18:45.4024187Z Version: 20260925.250.1
docs/ai/tdd/test008-native-20261008T000204Z/native-windows.log:18: trailing whitespace.
+2026-10-08T00:18:45.4026749Z Included Software: https://github.com/actions/runner-images/blob/win25-vs2026/20260925.250/images/windows/Windows2025-VS2026-Readme.md
docs/ai/tdd/test008-native-20261008T000204Z/native-windows.log:19: trailing whitespace.
+2026-10-08T00:18:45.4029747Z Image Release: https://github.com/actions/runner-images/releases/tag/win25-vs2026%2F20260925.250
docs/ai/tdd/test008-native-20261008T000204Z/native-windows.log:20: trailing whitespace.
+2026-10-08T00:18:45.4031417Z ##[endgroup]
docs/ai/tdd/test008-native-20261008T000204Z/native-windows.log:21: trailing whitespace.
+2026-10-08T00:18:45.4033264Z ##[group]GITHUB_TOKEN Permissions
docs/ai/tdd/test008-native-20261008T000204Z/native-windows.log:22: trailing whitespace.
+2026-10-08T00:18:45.4035864Z Contents: read
docs/ai/tdd/test008-native-20261008T000204Z/native-windows.log:23: trailing whitespace.
+2026-10-08T00:18:45.4037340Z Metadata: read
docs/ai/tdd/test008-native-20261008T000204Z/native-windows.log:24: trailing whitespace.
+2026-10-08T00:18:45.4038298Z ##[endgroup]
docs/ai/tdd/test008-native-20261008T000204Z/native-windows.log:25: trailing whitespace.
+2026-10-08T00:18:45.4041523Z Secret source: Actions
docs/ai/tdd/test008-native-20261008T000204Z/native-windows.log:26: trailing whitespace.
+2026-10-08T00:18:45.4043096Z Cache mode: write
docs/ai/tdd/test008-native-20261008T000204Z/native-windows.log:27: trailing whitespace.
+2026-10-08T00:18:45.4044198Z Prepare workflow directory
docs/ai/tdd/test008-native-20261008T000204Z/native-windows.log:28: trailing whitespace.
+2026-10-08T00:18:45.4547587Z Prepare all required actions
docs/ai/tdd/test008-native-20261008T000204Z/native-windows.log:29: trailing whitespace.
+2026-10-08T00:18:45.4596556Z Getting action download info
docs/ai/tdd/test008-native-20261008T000204Z/native-windows.log:30: trailing whitespace.
+2026-10-08T00:18:45.7410873Z Download action repository 'actions/checkout@v4' (SHA:11d5960a326750d5838078e36cf38b85af677262)
docs/ai/tdd/test008-native-20261008T000204Z/native-windows.log:31: trailing whitespace.
+2026-10-08T00:18:45.8833670Z Download action repository 'actions/cache@v4' (SHA:0057852bfaa89a56745cba8c7296529d2fc39830)
docs/ai/tdd/test008-native-20261008T000204Z/native-windows.log:32: trailing whitespace.
+2026-10-08T00:18:46.1730295Z Complete job name: parse-check + functional sync smoke + full Pester suite (both engines)
docs/ai/tdd/test008-native-20261008T000204Z/native-windows.log:33: trailing whitespace.
+2026-10-08T00:18:46.3384746Z ##[group]Run actions/checkout@v4
docs/ai/tdd/test008-native-20261008T000204Z/native-windows.log:34: trailing whitespace.
+2026-10-08T00:18:46.3386267Z with:
docs/ai/tdd/test008-native-20261008T000204Z/native-windows.log:35: trailing whitespace.
+2026-10-08T00:18:46.3386757Z   repository: goodwind-cz/aai
docs/ai/tdd/test008-native-20261008T000204Z/native-windows.log:36: trailing whitespace.
+2026-10-08T00:18:46.3390879Z   token: ***
docs/ai/tdd/test008-native-20261008T000204Z/native-windows.log:37: trailing whitespace.
+2026-10-08T00:18:46.3391333Z   ssh-strict: true
docs/ai/tdd/test008-native-20261008T000204Z/native-windows.log:38: trailing whitespace.
+2026-10-08T00:18:46.3391769Z   ssh-user: git
docs/ai/tdd/test008-native-20261008T000204Z/native-windows.log:39: trailing whitespace.
+2026-10-08T00:18:46.3392222Z   persist-credentials: true
docs/ai/tdd/test008-native-20261008T000204Z/native-windows.log:40: trailing whitespace.
+2026-10-08T00:18:46.3392714Z   clean: true
docs/ai/tdd/test008-native-20261008T000204Z/native-windows.log:41: trailing whitespace.
+2026-10-08T00:18:46.3393159Z   sparse-checkout-cone-mode: true
docs/ai/tdd/test008-native-20261008T000204Z/native-windows.log:42: trailing whitespace.
+2026-10-08T00:18:46.3393683Z   fetch-depth: 1
docs/ai/tdd/test008-native-20261008T000204Z/native-windows.log:43: trailing whitespace.
+2026-10-08T00:18:46.3394106Z   fetch-tags: false
docs/ai/tdd/test008-native-20261008T000204Z/native-windows.log:44: trailing whitespace.
+2026-10-08T00:18:46.3394542Z   show-progress: true
docs/ai/tdd/test008-native-20261008T000204Z/native-windows.log:45: trailing whitespace.
+2026-10-08T00:18:46.3394982Z   lfs: false
docs/ai/tdd/test008-native-20261008T000204Z/native-windows.log:46: trailing whitespace.
+2026-10-08T00:18:46.3395392Z   submodules: false
docs/ai/tdd/test008-native-20261008T000204Z/native-windows.log:47: trailing whitespace.
+2026-10-08T00:18:46.3395851Z   set-safe-directory: true
docs/ai/tdd/test008-native-20261008T000204Z/native-windows.log:48: trailing whitespace.
+2026-10-08T00:18:46.3396362Z   allow-unsafe-pr-checkout: false
docs/ai/tdd/test008-native-20261008T000204Z/native-windows.log:49: trailing whitespace.
+2026-10-08T00:18:46.3397277Z env:
docs/ai/tdd/test008-native-20261008T000204Z/native-windows.log:50: trailing whitespace.
+2026-10-08T00:18:46.3398270Z   AAI_EXPECTED_WIN_SKIP_COUNT: 4
docs/ai/tdd/test008-native-20261008T000204Z/native-windows.log:51: trailing whitespace.
+2026-10-08T00:18:46.3398814Z ##[endgroup]
docs/ai/tdd/test008-native-20261008T000204Z/native-windows.log:52: trailing whitespace.
+2026-10-08T00:18:46.5033315Z Syncing repository: goodwind-cz/aai
docs/ai/tdd/test008-native-20261008T000204Z/native-windows.log:53: trailing whitespace.
+2026-10-08T00:18:46.5035509Z ##[group]Getting Git version info
docs/ai/tdd/test008-native-20261008T000204Z/native-windows.log:54: trailing whitespace.
+2026-10-08T00:18:46.5036189Z Working directory is 'D:\a\aai\aai'
docs/ai/tdd/test008-native-20261008T000204Z/native-windows.log:55: trailing whitespace.
+2026-10-08T00:18:46.6094474Z [command]"C:\Program Files\Git\bin\git.exe" version
docs/ai/tdd/test008-native-20261008T000204Z/native-windows.log:56: trailing whitespace.
+2026-10-08T00:18:47.0358306Z git version 2.55.0.windows.5
docs/ai/tdd/test008-native-20261008T000204Z/native-windows.log:57: trailing whitespace.
+2026-10-08T00:18:47.0407000Z ##[endgroup]
docs/ai/tdd/test008-native-20261008T000204Z/native-windows.log:58: trailing whitespace.
+2026-10-08T00:18:47.0428576Z Temporarily overriding HOME='D:\a\_temp\d6351e3a-7e67-450f-8dc8-1df8a5e2cb1b' before making global git config changes
docs/ai/tdd/test008-native-20261008T000204Z/native-windows.log:59: trailing whitespace.
+2026-10-08T00:18:47.0430597Z Adding repository directory to the temporary git global config as a safe directory
docs/ai/tdd/test008-native-20261008T000204Z/native-windows.log:60: trailing whitespace.
+2026-10-08T00:18:47.0439180Z [command]"C:\Program Files\Git\bin\git.exe" config --global --add safe.directory D:\a\aai\aai
docs/ai/tdd/test008-native-20261008T000204Z/native-windows.log:61: trailing whitespace.
+2026-10-08T00:18:47.1178107Z Deleting the contents of 'D:\a\aai\aai'
docs/ai/tdd/test008-native-20261008T000204Z/native-windows.log:62: trailing whitespace.
+2026-10-08T00:18:47.1185517Z ##[group]Initializing the repository
docs/ai/tdd/test008-native-20261008T000204Z/native-windows.log:63: trailing whitespace.
+2026-10-08T00:18:47.1194123Z [command]"C:\Program Files\Git\bin\git.exe" init D:\a\aai\aai
docs/ai/tdd/test008-native-20261008T000204Z/native-windows.log:64: trailing whitespace.
+2026-10-08T00:18:47.2214934Z Initialized empty Git repository in D:/a/aai/aai/.git/
docs/ai/tdd/test008-native-20261008T000204Z/native-windows.log:65: trailing whitespace.
+2026-10-08T00:18:47.2270613Z [command]"C:\Program Files\Git\bin\git.exe" remote add origin https://github.com/goodwind-cz/aai
docs/ai/tdd/test008-native-20261008T000204Z/native-windows.log:66: trailing whitespace.
+2026-10-08T00:18:47.2906092Z ##[endgroup]
docs/ai/tdd/test008-native-20261008T000204Z/native-windows.log:67: trailing whitespace.
+2026-10-08T00:18:47.2907430Z ##[group]Disabling automatic garbage collection
docs/ai/tdd/test008-native-20261008T000204Z/native-windows.log:68: trailing whitespace.
+2026-10-08T00:18:47.2916287Z [command]"C:\Program Files\Git\bin\git.exe" config --local gc.auto 0
docs/ai/tdd/test008-native-20261008T000204Z/native-windows.log:69: trailing whitespace.
+2026-10-08T00:18:47.3228464Z ##[endgroup]
docs/ai/tdd/test008-native-20261008T000204Z/native-windows.log:70: trailing whitespace.
+2026-10-08T00:18:47.3229707Z ##[group]Setting up auth
docs/ai/tdd/test008-native-20261008T000204Z/native-windows.log:71: trailing whitespace.
+2026-10-08T00:18:47.3241313Z [command]"C:\Program Files\Git\bin\git.exe" config --local --name-only --get-regexp core\.sshCommand
docs/ai/tdd/test008-native-20261008T000204Z/native-windows.log:72: trailing whitespace.
+2026-10-08T00:18:47.3555526Z [command]"C:\Program Files\Git\bin\git.exe" submodule foreach --recursive "sh -c \"git config --local --name-only --get-regexp 'core\.sshCommand' && git config --local --unset-all 'core.sshCommand' || :\""
docs/ai/tdd/test008-native-20261008T000204Z/native-windows.log:73: trailing whitespace.
+2026-10-08T00:18:48.8844425Z [command]"C:\Program Files\Git\bin\git.exe" config --local --name-only --get-regexp http\.https\:\/\/github\.com\/\.extraheader
docs/ai/tdd/test008-native-20261008T000204Z/native-windows.log:74: trailing whitespace.
+2026-10-08T00:18:48.9153497Z [command]"C:\Program Files\Git\bin\git.exe" submodule foreach --recursive "sh -c \"git config --local --name-only --get-regexp 'http\.https\:\/\/github\.com\/\.extraheader' && git config --local --unset-all 'http.https://github.com/.extraheader' || :\""
docs/ai/tdd/test008-native-20261008T000204Z/native-windows.log:75: trailing whitespace.
+2026-10-08T00:18:49.4540780Z [command]"C:\Program Files\Git\bin\git.exe" config --local --name-only --get-regexp ^includeIf\.gitdir:
docs/ai/tdd/test008-native-20261008T000204Z/native-windows.log:76: trailing whitespace.
+2026-10-08T00:18:49.4856906Z [command]"C:\Program Files\Git\bin\git.exe" submodule foreach --recursive "git config --local --show-origin --name-only --get-regexp remote.origin.url"
docs/ai/tdd/test008-native-20261008T000204Z/native-windows.log:77: trailing whitespace.
+2026-10-08T00:18:50.0344209Z [command]"C:\Program Files\Git\bin\git.exe" config --local http.https://github.com/.extraheader "AUTHORIZATION: basic ***"
docs/ai/tdd/test008-native-20261008T000204Z/native-windows.log:78: trailing whitespace.
+2026-10-08T00:18:50.0663060Z ##[endgroup]
docs/ai/tdd/test008-native-20261008T000204Z/native-windows.log:79: trailing whitespace.
+2026-10-08T00:18:50.0663918Z ##[group]Fetching the repository
docs/ai/tdd/test008-native-20261008T000204Z/native-windows.log:80: trailing whitespace.
+2026-10-08T00:18:50.0679522Z [command]"C:\Program Files\Git\bin\git.exe" -c protocol.version=2 fetch --no-tags --prune --no-recurse-submodules --depth=1 origin +604abd7123524532d17035818372a4689062f7e1:refs/remotes/pull/434/merge
docs/ai/tdd/test008-native-20261008T000204Z/native-windows.log:81: trailing whitespace.
+2026-10-08T00:18:52.2593194Z From https://github.com/goodwind-cz/aai
docs/ai/tdd/test008-native-20261008T000204Z/native-windows.log:82: trailing whitespace.
+2026-10-08T00:18:52.2594036Z  * [new ref]         604abd7123524532d17035818372a4689062f7e1 -> pull/434/merge
docs/ai/tdd/test008-native-20261008T000204Z/native-windows.log:83: trailing whitespace.
+2026-10-08T00:18:52.2640377Z ##[endgroup]
docs/ai/tdd/test008-native-20261008T000204Z/native-windows.log:84: trailing whitespace.
+2026-10-08T00:18:52.2640809Z ##[group]Determining the checkout info
docs/ai/tdd/test008-native-20261008T000204Z/native-windows.log:85: trailing whitespace.
+2026-10-08T00:18:52.2644088Z ##[endgroup]
docs/ai/tdd/test008-native-20261008T000204Z/native-windows.log:86: trailing whitespace.
+2026-10-08T00:18:52.2659002Z [command]"C:\Program Files\Git\bin\git.exe" sparse-checkout disable
docs/ai/tdd/test008-native-20261008T000204Z/native-windows.log:87: trailing whitespace.
+2026-10-08T00:18:52.3134899Z [command]"C:\Program Files\Git\bin\git.exe" config --local --unset-all extensions.worktreeConfig
docs/ai/tdd/test008-native-20261008T000204Z/native-windows.log:88: trailing whitespace.
+2026-10-08T00:18:52.3544651Z ##[group]Checking out the ref
docs/ai/tdd/test008-native-20261008T000204Z/native-windows.log:89: trailing whitespace.
+2026-10-08T00:18:52.3556588Z [command]"C:\Program Files\Git\bin\git.exe" checkout --progress --force refs/remotes/pull/434/merge
docs/ai/tdd/test008-native-20261008T000204Z/native-windows.log:90: trailing whitespace.
+2026-10-08T00:18:53.0790152Z Note: switching to 'refs/remotes/pull/434/merge'.
docs/ai/tdd/test008-native-20261008T000204Z/native-windows.log:91: trailing whitespace.
+2026-10-08T00:18:53.0790528Z 
docs/ai/tdd/test008-native-20261008T000204Z/native-windows.log:92: trailing whitespace.
+2026-10-08T00:18:53.0790922Z You are in 'detached HEAD' state. You can look around, make experimental
docs/ai/tdd/test008-native-20261008T000204Z/native-windows.log:93: trailing whitespace.
+2026-10-08T00:18:53.0792018Z changes and commit them, and you can discard any commits you make in this
docs/ai/tdd/test008-native-20261008T000204Z/native-windows.log:94: trailing whitespace.
+2026-10-08T00:18:53.0792901Z state without impacting any branches by switching back to a branch.
docs/ai/tdd/test008-native-20261008T000204Z/native-windows.log:95: trailing whitespace.
+2026-10-08T00:18:53.0793774Z 
docs/ai/tdd/test008-native-20261008T000204Z/native-windows.log:96: trailing whitespace.
+2026-10-08T00:18:53.0794125Z If you want to create a new branch to retain commits you create, you may
docs/ai/tdd/test008-native-20261008T000204Z/native-windows.log:97: trailing whitespace.
+2026-10-08T00:18:53.0795598Z do so (now or later) by using -c with the switch command. Example:
docs/ai/tdd/test008-native-20261008T000204Z/native-windows.log:98: trailing whitespace.
+2026-10-08T00:18:53.0795890Z 
docs/ai/tdd/test008-native-20261008T000204Z/native-windows.log:99: trailing whitespace.
+2026-10-08T00:18:53.0795990Z   git switch -c <new-branch-name>
docs/ai/tdd/test008-native-20261008T000204Z/native-windows.log:100: trailing whitespace.
+2026-10-08T00:18:53.0796180Z 
docs/ai/tdd/test008-native-20261008T000204Z/native-windows.log:101: trailing whitespace.
+2026-10-08T00:18:53.0796273Z Or undo this operation with:
docs/ai/tdd/test008-native-20261008T000204Z/native-windows.log:102: trailing whitespace.
+2026-10-08T00:18:53.0796469Z 
docs/ai/tdd/test008-native-20261008T000204Z/native-windows.log:103: trailing whitespace.
+2026-10-08T00:18:53.0796570Z   git switch -
docs/ai/tdd/test008-native-20261008T000204Z/native-windows.log:104: trailing whitespace.
+2026-10-08T00:18:53.0796680Z 
docs/ai/tdd/test008-native-20261008T000204Z/native-windows.log:105: trailing whitespace.
+2026-10-08T00:18:53.0796884Z Turn off this advice by setting config variable advice.detachedHead to false
docs/ai/tdd/test008-native-20261008T000204Z/native-windows.log:106: trailing whitespace.
+2026-10-08T00:18:53.0797185Z 
docs/ai/tdd/test008-native-20261008T000204Z/native-windows.log:107: trailing whitespace.
+2026-10-08T00:18:53.0797580Z HEAD is now at 604abd7 Merge bfea029b9a01d6a491d778f5bbf1ded5b3f2c88f into bdeb425c040ada918dd97e5b878b71e420bad83a
docs/ai/tdd/test008-native-20261008T000204Z/native-windows.log:108: trailing whitespace.
+2026-10-08T00:18:53.0946452Z ##[endgroup]
docs/ai/tdd/test008-native-20261008T000204Z/native-windows.log:109: trailing whitespace.
+2026-10-08T00:18:53.1388053Z [command]"C:\Program Files\Git\bin\git.exe" log -1 --format=%H
docs/ai/tdd/test008-native-20261008T000204Z/native-windows.log:110: trailing whitespace.
+2026-10-08T00:18:53.1670534Z 604abd7123524532d17035818372a4689062f7e1
docs/ai/tdd/test008-native-20261008T000204Z/native-windows.log:111: trailing whitespace.
+2026-10-08T00:18:53.2207231Z ##[group]Run $ErrorActionPreference = "Stop"
docs/ai/tdd/test008-native-20261008T000204Z/native-windows.log:112: trailing whitespace.
+2026-10-08T00:18:53.2207736Z [36;1m$ErrorActionPreference = "Stop"[0m
docs/ai/tdd/test008-native-20261008T000204Z/native-windows.log:113: trailing whitespace.
+2026-10-08T00:18:53.2208101Z [36;1m$target = Join-Path $env:RUNNER_TEMP "aai-sync-smoke"[0m
docs/ai/tdd/test008-native-20261008T000204Z/native-windows.log:114: trailing whitespace.
+2026-10-08T00:18:53.2208549Z [36;1mif (Test-Path $target) { Remove-Item $target -Recurse -Force }[0m
docs/ai/tdd/test008-native-20261008T000204Z/native-windows.log:115: trailing whitespace.
+2026-10-08T00:18:53.2209008Z [36;1mNew-Item -ItemType Directory -Force -Path $target | Out-Null[0m
docs/ai/tdd/test008-native-20261008T000204Z/native-windows.log:116: trailing whitespace.
+2026-10-08T00:18:53.2209366Z [36;1mgit init -q $target[0m
docs/ai/tdd/test008-native-20261008T000204Z/native-windows.log:117: trailing whitespace.
+2026-10-08T00:18:53.2209703Z [36;1m& .\.aai\scripts\aai-sync.ps1 -TargetRoot $target -Profile extended[0m
docs/ai/tdd/test008-native-20261008T000204Z/native-windows.log:118: trailing whitespace.
+2026-10-08T00:18:53.2210058Z [36;1m$fail = 0[0m
docs/ai/tdd/test008-native-20261008T000204Z/native-windows.log:119: trailing whitespace.
+2026-10-08T00:18:53.2210387Z [36;1mforeach ($p in @(".codex/skills/README.md", ".gemini/skills/README.md")) {[0m
docs/ai/tdd/test008-native-20261008T000204Z/native-windows.log:120: trailing whitespace.
+2026-10-08T00:18:53.2210939Z [36;1m  if (-not (Test-Path (Join-Path $target $p))) { Write-Host "MISSING $p"; $fail++ }[0m
docs/ai/tdd/test008-native-20261008T000204Z/native-windows.log:121: trailing whitespace.
+2026-10-08T00:18:53.2211363Z [36;1m}[0m
docs/ai/tdd/test008-native-20261008T000204Z/native-windows.log:122: trailing whitespace.
+2026-10-08T00:18:53.2211716Z [36;1m# CHANGE seed-update-config: a fresh sync must SEED the auto-update[0m
docs/ai/tdd/test008-native-20261008T000204Z/native-windows.log:123: trailing whitespace.
+2026-10-08T00:18:53.2212209Z [36;1m# policy file so the `auto` opt-in knob is discoverable (parity with[0m
docs/ai/tdd/test008-native-20261008T000204Z/native-windows.log:124: trailing whitespace.
+2026-10-08T00:18:53.2212670Z [36;1m# the aai-sync.sh seed; authoritative Windows PowerShell 5.1 check).[0m
docs/ai/tdd/test008-native-20261008T000204Z/native-windows.log:125: trailing whitespace.
+2026-10-08T00:18:53.2213127Z [36;1m$seededCfg = Join-Path $target "docs/ai/update-config.yaml"[0m
docs/ai/tdd/test008-native-20261008T000204Z/native-windows.log:126: trailing whitespace.
+2026-10-08T00:18:53.2213492Z [36;1mif (-not (Test-Path $seededCfg)) {[0m
docs/ai/tdd/test008-native-20261008T000204Z/native-windows.log:127: trailing whitespace.
+2026-10-08T00:18:53.2213879Z [36;1m  Write-Host "MISSING docs/ai/update-config.yaml (not seeded)"; $fail++[0m
docs/ai/tdd/test008-native-20261008T000204Z/native-windows.log:128: trailing whitespace.
+2026-10-08T00:18:53.2214420Z [36;1m} elseif (-not (Select-String -Path $seededCfg -Pattern '^mode: notify$' -Quiet)) {[0m
docs/ai/tdd/test008-native-20261008T000204Z/native-windows.log:129: trailing whitespace.
+2026-10-08T00:18:53.2214998Z [36;1m  Write-Host "docs/ai/update-config.yaml seeded without 'mode: notify'"; $fail++[0m
docs/ai/tdd/test008-native-20261008T000204Z/native-windows.log:130: trailing whitespace.
+2026-10-08T00:18:53.2215394Z [36;1m} else {[0m
docs/ai/tdd/test008-native-20261008T000204Z/native-windows.log:131: trailing whitespace.
+2026-10-08T00:18:53.2215695Z [36;1m  Write-Host "SEEDED docs/ai/update-config.yaml (mode: notify)"[0m
docs/ai/tdd/test008-native-20261008T000204Z/native-windows.log:132: trailing whitespace.
+2026-10-08T00:18:53.2216036Z [36;1m}[0m
docs/ai/tdd/test008-native-20261008T000204Z/native-windows.log:133: trailing whitespace.
+2026-10-08T00:18:53.2216333Z [36;1m# Assert nested per-skill SKILL.md copied for BOTH mixed-content dirs[0m
docs/ai/tdd/test008-native-20261008T000204Z/native-windows.log:134: trailing whitespace.
+2026-10-08T00:18:53.2216827Z [36;1m# (top-level README alongside subfolders) — the exact shape that broke.[0m
docs/ai/tdd/test008-native-20261008T000204Z/native-windows.log:135: trailing whitespace.
+2026-10-08T00:18:53.2217276Z [36;1mforeach ($d in @(".codex/skills", ".gemini/skills")) {[0m
docs/ai/tdd/test008-native-20261008T000204Z/native-windows.log:136: trailing whitespace.
+2026-10-08T00:18:53.2217885Z [36;1m  $nested = @(Get-ChildItem -Path (Join-Path $target $d) -Recurse -Filter "SKILL.md" -ErrorAction SilentlyContinue).Count[0m
docs/ai/tdd/test008-native-20261008T000204Z/native-windows.log:137: trailing whitespace.
+2026-10-08T00:18:53.2218573Z [36;1m  if ($nested -lt 20) { Write-Host "$d nested SKILL.md too few: $nested"; $fail++ }[0m
docs/ai/tdd/test008-native-20261008T000204Z/native-windows.log:138: trailing whitespace.
+2026-10-08T00:18:53.2219046Z [36;1m  else { Write-Host "$d nested SKILL.md: $nested" }[0m
docs/ai/tdd/test008-native-20261008T000204Z/native-windows.log:139: trailing whitespace.
+2026-10-08T00:18:53.2219331Z [36;1m}[0m
docs/ai/tdd/test008-native-20261008T000204Z/native-windows.log:140: trailing whitespace.
+2026-10-08T00:18:53.2219676Z [36;1mif ($fail -gt 0) { Write-Error "functional sync smoke failed ($fail check(s))"; exit 1 }[0m
docs/ai/tdd/test008-native-20261008T000204Z/native-windows.log:141: trailing whitespace.
+2026-10-08T00:18:53.2220234Z [36;1mWrite-Host "SYNC SMOKE OK (.codex + .gemini skills fully populated)"[0m
docs/ai/tdd/test008-native-20261008T000204Z/native-windows.log:142: trailing whitespace.
+2026-10-08T00:18:53.2643625Z shell: C:\Windows\System32\WindowsPowerShell\v1.0\powershell.EXE -command ". '{0}'"
docs/ai/tdd/test008-native-20261008T000204Z/native-windows.log:143: trailing whitespace.
+2026-10-08T00:18:53.2644146Z env:
docs/ai/tdd/test008-native-20261008T000204Z/native-windows.log:144: trailing whitespace.
+2026-10-08T00:18:53.2644441Z   AAI_EXPECTED_WIN_SKIP_COUNT: 4
docs/ai/tdd/test008-native-20261008T000204Z/native-windows.log:145: trailing whitespace.
+2026-10-08T00:18:53.2644912Z ##[endgroup]
docs/ai/tdd/test008-native-20261008T000204Z/native-windows.log:146: trailing whitespace.
+2026-10-08T00:18:56.5368187Z Syncing AAI from: D:\a\aai\aai
docs/ai/tdd/test008-native-20261008T000204Z/native-windows.log:147: trailing whitespace.
+2026-10-08T00:18:56.5496214Z Target project:     D:\a\_temp\aai-sync-smoke
docs/ai/tdd/test008-native-20261008T000204Z/native-windows.log:148: trailing whitespace.
+2026-10-08T00:18:56.5506410Z Profile:            extended
docs/ai/tdd/test008-native-20261008T000204Z/native-windows.log:149: trailing whitespace.
+2026-10-08T00:18:57.3611494Z   PRESERVE target-only skills under: D:\a\_temp\aai-sync-smoke\.claude\skills
docs/ai/tdd/test008-native-20261008T000204Z/native-windows.log:150: trailing whitespace.
+2026-10-08T00:18:57.3728957Z   SEED docs/TECHNOLOGY.md from .aai/templates/TECHNOLOGY_TEMPLATE.md
docs/ai/tdd/test008-native-20261008T000204Z/native-windows.log:151: trailing whitespace.
+2026-10-08T00:18:57.3757441Z   SEED docs/ai/update-config.yaml from .aai/templates/update-config.template.yaml
docs/ai/tdd/test008-native-20261008T000204Z/native-windows.log:152: trailing whitespace.
+2026-10-08T00:18:57.3785156Z   SEED docs/ai/docs-audit.yaml from .aai/templates/docs-audit.template.yaml (dials report-only; docs-audit --check now runs enforced)
docs/ai/tdd/test008-native-20261008T000204Z/native-windows.log:153: trailing whitespace.
+2026-10-08T00:18:57.3799190Z   PRESERVE docs/ai/ runtime data (STATE.yaml, LOOP_TICKS.jsonl, METRICS.jsonl, EVENTS.jsonl, decisions.jsonl, reports/)
docs/ai/tdd/test008-native-20261008T000204Z/native-windows.log:154: trailing whitespace.
+2026-10-08T00:18:57.6550776Z   PRESERVE local Codex dynamic index: D:\a\_temp\aai-sync-smoke\.codex\skills.local
docs/ai/tdd/test008-native-20261008T000204Z/native-windows.log:155: trailing whitespace.
+2026-10-08T00:18:57.7019073Z   PRESERVE local Gemini dynamic index: D:\a\_temp\aai-sync-smoke\.gemini\skills.local
docs/ai/tdd/test008-native-20261008T000204Z/native-windows.log:156: trailing whitespace.
+2026-10-08T00:18:57.8212241Z   PRESERVE target-only skills under: D:\a\_temp\aai-sync-smoke\.agents\skills
docs/ai/tdd/test008-native-20261008T000204Z/native-windows.log:157: trailing whitespace.
+2026-10-08T00:18:57.8242989Z   SYNC .claude-plugin/plugin.json
docs/ai/tdd/test008-native-20261008T000204Z/native-windows.log:158: trailing whitespace.
+2026-10-08T00:19:02.8124288Z   MERGE hooks/hooks.json: 1 hook(s) added, 0 updated, 0 already present, 0 left as-is -> hooks\hooks.json
docs/ai/tdd/test008-native-20261008T000204Z/native-windows.log:159: trailing whitespace.
+2026-10-08T00:19:02.8866007Z   MERGE hooks/hooks.windows.json: 1 hook(s) added, 0 updated, 0 already present, 0 left as-is -> hooks\hooks.windows.json
docs/ai/tdd/test008-native-20261008T000204Z/native-windows.log:160: trailing whitespace.
+2026-10-08T00:19:02.8932440Z   SYNC hooks/
docs/ai/tdd/test008-native-20261008T000204Z/native-windows.log:161: trailing whitespace.
+2026-10-08T00:19:02.8961464Z   SYNC .cursor/rules/aai.mdc
docs/ai/tdd/test008-native-20261008T000204Z/native-windows.log:162: trailing whitespace.
+2026-10-08T00:19:02.9045815Z   Added .aai/ to D:\a\_temp\aai-sync-smoke\.gitignore
docs/ai/tdd/test008-native-20261008T000204Z/native-windows.log:163: trailing whitespace.
+2026-10-08T00:19:02.9148047Z   Added .cloudflare-publish* to D:\a\_temp\aai-sync-smoke\.gitignore
docs/ai/tdd/test008-native-20261008T000204Z/native-windows.log:164: trailing whitespace.
+2026-10-08T00:19:02.9161681Z   Added .wrangler/ to D:\a\_temp\aai-sync-smoke\.gitignore
docs/ai/tdd/test008-native-20261008T000204Z/native-windows.log:165: trailing whitespace.
+2026-10-08T00:19:02.9220634Z   Added .aai/cache/ to D:\a\_temp\aai-sync-smoke\.gitignore
docs/ai/tdd/test008-native-20261008T000204Z/native-windows.log:166: trailing whitespace.
+2026-10-08T00:19:02.9244977Z   Added docs/ai/reports runtime ignore rules to D:\a\_temp\aai-sync-smoke\.gitignore
docs/ai/tdd/test008-native-20261008T000204Z/native-windows.log:167: trailing whitespace.
+2026-10-08T00:19:02.9303892Z   Added agent skill sync patterns to D:\a\_temp\aai-sync-smoke\.gitignore
docs/ai/tdd/test008-native-20261008T000204Z/native-windows.log:168: trailing whitespace.
+2026-10-08T00:19:02.9327936Z   Added AAI per-dev runtime state patterns to D:\a\_temp\aai-sync-smoke\.gitignore
docs/ai/tdd/test008-native-20261008T000204Z/native-windows.log:169: trailing whitespace.
+2026-10-08T00:19:02.9336167Z   NOTE: If docs/ai/STATE.yaml or docs/ai/LOOP_TICKS.jsonl is still tracked,
docs/ai/tdd/test008-native-20261008T000204Z/native-windows.log:170: trailing whitespace.
+2026-10-08T00:19:02.9344177Z         run pwsh .aai/scripts/migrate-state-to-local.ps1 in the target project.
docs/ai/tdd/test008-native-20261008T000204Z/native-windows.log:171: trailing whitespace.
+2026-10-08T00:19:02.9480895Z   Added 24 AAI runtime-sidecar pattern(s) to D:\a\_temp\aai-sync-smoke\.gitignore
docs/ai/tdd/test008-native-20261008T000204Z/native-windows.log:172: trailing whitespace.
+2026-10-08T00:19:02.9975315Z   Advisory report: D:\a\_temp\aai-sync-smoke\docs\ai\reports\sync-conflicts-20261008-001902.md
docs/ai/tdd/test008-native-20261008T000204Z/native-windows.log:173: trailing whitespace.
+2026-10-08T00:19:03.1173527Z Sync complete. Review changes in D:\a\_temp\aai-sync-smoke :
docs/ai/tdd/test008-native-20261008T000204Z/native-windows.log:174: trailing whitespace.
+2026-10-08T00:19:03.1182198Z   cd D:\a\_temp\aai-sync-smoke; git status; git diff
docs/ai/tdd/test008-native-20261008T000204Z/native-windows.log:175: trailing whitespace.
+2026-10-08T00:19:03.1211284Z SEEDED docs/ai/update-config.yaml (mode: notify)
docs/ai/tdd/test008-native-20261008T000204Z/native-windows.log:176: trailing whitespace.
+2026-10-08T00:19:03.1321893Z .codex/skills nested SKILL.md: 41
docs/ai/tdd/test008-native-20261008T000204Z/native-windows.log:177: trailing whitespace.
+2026-10-08T00:19:03.1400087Z .gemini/skills nested SKILL.md: 41
docs/ai/tdd/test008-native-20261008T000204Z/native-windows.log:178: trailing whitespace.
+2026-10-08T00:19:03.1409396Z SYNC SMOKE OK (.codex + .gemini skills fully populated)
docs/ai/tdd/test008-native-20261008T000204Z/native-windows.log:179: trailing whitespace.
+2026-10-08T00:19:03.2044160Z ##[group]Run $bad = 0
docs/ai/tdd/test008-native-20261008T000204Z/native-windows.log:180: trailing whitespace.
+2026-10-08T00:19:03.2044464Z [36;1m$bad = 0[0m
docs/ai/tdd/test008-native-20261008T000204Z/native-windows.log:181: trailing whitespace.
+2026-10-08T00:19:03.2044869Z [36;1mGet-ChildItem -Path .aai/scripts -Filter *.ps1 | Sort-Object Name | ForEach-Object {[0m
docs/ai/tdd/test008-native-20261008T000204Z/native-windows.log:182: trailing whitespace.
+2026-10-08T00:19:03.2045314Z [36;1m  $errs = $null[0m
docs/ai/tdd/test008-native-20261008T000204Z/native-windows.log:183: trailing whitespace.
+2026-10-08T00:19:03.2045791Z [36;1m  [System.Management.Automation.Language.Parser]::ParseFile($_.FullName, [ref]$null, [ref]$errs) | Out-Null[0m
docs/ai/tdd/test008-native-20261008T000204Z/native-windows.log:184: trailing whitespace.
+2026-10-08T00:19:03.2046679Z [36;1m  if ($errs -and $errs.Count) {[0m
docs/ai/tdd/test008-native-20261008T000204Z/native-windows.log:185: trailing whitespace.
+2026-10-08T00:19:03.2046946Z [36;1m    $bad++[0m
docs/ai/tdd/test008-native-20261008T000204Z/native-windows.log:186: trailing whitespace.
+2026-10-08T00:19:03.2047163Z [36;1m    Write-Host "PARSEFAIL $($_.Name)"[0m
docs/ai/tdd/test008-native-20261008T000204Z/native-windows.log:187: trailing whitespace.
+2026-10-08T00:19:03.2047514Z [36;1m    $errs | ForEach-Object { Write-Host "  $($_.Message)" }[0m
docs/ai/tdd/test008-native-20261008T000204Z/native-windows.log:188: trailing whitespace.
+2026-10-08T00:19:03.2047828Z [36;1m  } else {[0m
docs/ai/tdd/test008-native-20261008T000204Z/native-windows.log:189: trailing whitespace.
+2026-10-08T00:19:03.2048022Z [36;1m    Write-Host "OK $($_.Name)"[0m
docs/ai/tdd/test008-native-20261008T000204Z/native-windows.log:190: trailing whitespace.
+2026-10-08T00:19:03.2048267Z [36;1m  }[0m
docs/ai/tdd/test008-native-20261008T000204Z/native-windows.log:191: trailing whitespace.
+2026-10-08T00:19:03.2048435Z [36;1m}[0m
docs/ai/tdd/test008-native-20261008T000204Z/native-windows.log:192: trailing whitespace.
+2026-10-08T00:19:03.2048866Z [36;1mif ($bad -gt 0) { Write-Error "$bad .ps1 file(s) fail to parse under Windows PowerShell 5.1"; exit 1 }[0m
docs/ai/tdd/test008-native-20261008T000204Z/native-windows.log:193: trailing whitespace.
+2026-10-08T00:19:03.2121376Z shell: C:\Windows\System32\WindowsPowerShell\v1.0\powershell.EXE -command ". '{0}'"
docs/ai/tdd/test008-native-20261008T000204Z/native-windows.log:194: trailing whitespace.
+2026-10-08T00:19:03.2121809Z env:
docs/ai/tdd/test008-native-20261008T000204Z/native-windows.log:195: trailing whitespace.
+2026-10-08T00:19:03.2121992Z   AAI_EXPECTED_WIN_SKIP_COUNT: 4
docs/ai/tdd/test008-native-20261008T000204Z/native-windows.log:196: trailing whitespace.
+2026-10-08T00:19:03.2122218Z ##[endgroup]
docs/ai/tdd/test008-native-20261008T000204Z/native-windows.log:197: trailing whitespace.
+2026-10-08T00:19:03.6641739Z OK aai-canonicalize.ps1
docs/ai/tdd/test008-native-20261008T000204Z/native-windows.log:198: trailing whitespace.
+2026-10-08T00:19:03.6662306Z OK aai-live.ps1
docs/ai/tdd/test008-native-20261008T000204Z/native-windows.log:199: trailing whitespace.
+2026-10-08T00:19:03.6696510Z OK aai-reap-tests.ps1
docs/ai/tdd/test008-native-20261008T000204Z/native-windows.log:200: trailing whitespace.
+2026-10-08T00:19:03.6737891Z OK aai-release.ps1
docs/ai/tdd/test008-native-20261008T000204Z/native-windows.log:201: trailing whitespace.
+2026-10-08T00:19:03.6780316Z OK aai-run-tests.ps1
docs/ai/tdd/test008-native-20261008T000204Z/native-windows.log:202: trailing whitespace.
+2026-10-08T00:19:03.6837944Z OK aai-sync.ps1
docs/ai/tdd/test008-native-20261008T000204Z/native-windows.log:203: trailing whitespace.
+2026-10-08T00:19:03.6860304Z OK aai-update.ps1
docs/ai/tdd/test008-native-20261008T000204Z/native-windows.log:204: trailing whitespace.
+2026-10-08T00:19:03.6929659Z OK aai-win-selftest.ps1
docs/ai/tdd/test008-native-20261008T000204Z/native-windows.log:205: trailing whitespace.
+2026-10-08T00:19:03.6961442Z OK autonomous-loop.ps1
docs/ai/tdd/test008-native-20261008T000204Z/native-windows.log:206: trailing whitespace.
+2026-10-08T00:19:03.6977490Z OK cloudflare-share.ps1
docs/ai/tdd/test008-native-20261008T000204Z/native-windows.log:207: trailing whitespace.
+2026-10-08T00:19:03.6999673Z OK expert-fetch.ps1
docs/ai/tdd/test008-native-20261008T000204Z/native-windows.log:208: trailing whitespace.
+2026-10-08T00:19:03.7043483Z OK install-pre-commit-hook.ps1
docs/ai/tdd/test008-native-20261008T000204Z/native-windows.log:209: trailing whitespace.
+2026-10-08T00:19:03.7061851Z OK live-spool.ps1
docs/ai/tdd/test008-native-20261008T000204Z/native-windows.log:210: trailing whitespace.
+2026-10-08T00:19:03.7079268Z OK migrate-state-to-local.ps1
docs/ai/tdd/test008-native-20261008T000204Z/native-windows.log:211: trailing whitespace.
+2026-10-08T00:19:03.7095876Z OK migrate-yaml-to-jsonl.ps1
docs/ai/tdd/test008-native-20261008T000204Z/native-windows.log:212: trailing whitespace.
+2026-10-08T00:19:03.7118270Z OK pre-commit-checks.ps1
docs/ai/tdd/test008-native-20261008T000204Z/native-windows.log:213: trailing whitespace.
+2026-10-08T00:19:03.7133801Z OK pre-compact-save.ps1
docs/ai/tdd/test008-native-20261008T000204Z/native-windows.log:214: trailing whitespace.
+2026-10-08T00:19:03.7149144Z OK triage.ps1
docs/ai/tdd/test008-native-20261008T000204Z/native-windows.log:215: trailing whitespace.
+2026-10-08T00:19:03.7163091Z OK validate-skills.ps1
docs/ai/tdd/test008-native-20261008T000204Z/native-windows.log:216: trailing whitespace.
+2026-10-08T00:19:03.7566698Z ##[group]Run $bad = 0
docs/ai/tdd/test008-native-20261008T000204Z/native-windows.log:217: trailing whitespace.
+2026-10-08T00:19:03.7567014Z [36;1m$bad = 0[0m
docs/ai/tdd/test008-native-20261008T000204Z/native-windows.log:218: trailing whitespace.
+2026-10-08T00:19:03.7567407Z [36;1mGet-ChildItem -Path .aai/scripts -Filter *.ps1 | Sort-Object Name | ForEach-Object {[0m
docs/ai/tdd/test008-native-20261008T000204Z/native-windows.log:219: trailing whitespace.
+2026-10-08T00:19:03.7567869Z [36;1m  $errs = $null[0m
docs/ai/tdd/test008-native-20261008T000204Z/native-windows.log:220: trailing whitespace.
+2026-10-08T00:19:03.7568357Z [36;1m  [System.Management.Automation.Language.Parser]::ParseFile($_.FullName, [ref]$null, [ref]$errs) | Out-Null[0m
docs/ai/tdd/test008-native-20261008T000204Z/native-windows.log:221: trailing whitespace.
+2026-10-08T00:19:03.7569189Z [36;1m  if ($errs -and $errs.Count) { $bad++; Write-Host "PARSEFAIL $($_.Name)"; $errs | ForEach-Object { Write-Host "  $($_.Message)" } }[0m
docs/ai/tdd/test008-native-20261008T000204Z/native-windows.log:222: trailing whitespace.
+2026-10-08T00:19:03.7569716Z [36;1m}[0m
docs/ai/tdd/test008-native-20261008T000204Z/native-windows.log:223: trailing whitespace.
+2026-10-08T00:19:03.7570050Z [36;1mif ($bad -gt 0) { Write-Error "$bad .ps1 file(s) fail to parse under pwsh 7"; exit 1 }[0m
docs/ai/tdd/test008-native-20261008T000204Z/native-windows.log:224: trailing whitespace.
+2026-10-08T00:19:03.7786356Z shell: C:\Program Files\PowerShell\7\pwsh.EXE -command ". '{0}'"
docs/ai/tdd/test008-native-20261008T000204Z/native-windows.log:225: trailing whitespace.
+2026-10-08T00:19:03.7786809Z env:
docs/ai/tdd/test008-native-20261008T000204Z/native-windows.log:226: trailing whitespace.
+2026-10-08T00:19:03.7787044Z   AAI_EXPECTED_WIN_SKIP_COUNT: 4
docs/ai/tdd/test008-native-20261008T000204Z/native-windows.log:227: trailing whitespace.
+2026-10-08T00:19:03.7787328Z ##[endgroup]
docs/ai/tdd/test008-native-20261008T000204Z/native-windows.log:228: trailing whitespace.
+2026-10-08T00:19:04.4209736Z ##[group]Run tmp="${RUNNER_TEMP}"
docs/ai/tdd/test008-native-20261008T000204Z/native-windows.log:229: trailing whitespace.
+2026-10-08T00:19:04.4210104Z [36;1mtmp="${RUNNER_TEMP}"[0m
docs/ai/tdd/test008-native-20261008T000204Z/native-windows.log:230: trailing whitespace.
+2026-10-08T00:19:04.4210454Z [36;1m# Iteration-3 hardening (PR #247 run 31606986703): the marker is[0m
docs/ai/tdd/test008-native-20261008T000204Z/native-windows.log:231: trailing whitespace.
+2026-10-08T00:19:04.4210944Z [36;1m# asserted via a FILE the arm writes to (path handed in through[0m
docs/ai/tdd/test008-native-20261008T000204Z/native-windows.log:232: trailing whitespace.
+2026-10-08T00:19:04.4211420Z [36;1m# AAI_SMOKE_MARKER_FILE), never via a stdout regex. The prior stdout-[0m
docs/ai/tdd/test008-native-20261008T000204Z/native-windows.log:233: trailing whitespace.
+2026-10-08T00:19:04.4211908Z [36;1m# only marker was proven encoding-fragile: a leaked UTF-16LE probe[0m
docs/ai/tdd/test008-native-20261008T000204Z/native-windows.log:234: trailing whitespace.
+2026-10-08T00:19:04.4212374Z [36;1m# message earlier in the SAME stdout stream flips Get-Content's BOM[0m
docs/ai/tdd/test008-native-20261008T000204Z/native-windows.log:235: trailing whitespace.
+2026-10-08T00:19:04.4212839Z [36;1m# auto-detection for the whole file, silently corrupting the ASCII[0m
docs/ai/tdd/test008-native-20261008T000204Z/native-windows.log:236: trailing whitespace.
+2026-10-08T00:19:04.4213303Z [36;1m# marker text downstream of it. The stdout echo is kept too (cheap,[0m
docs/ai/tdd/test008-native-20261008T000204Z/native-windows.log:237: trailing whitespace.
+2026-10-08T00:19:04.4213785Z [36;1m# useful for the diagnostic line below) but is no longer load-bearing.[0m
docs/ai/tdd/test008-native-20261008T000204Z/native-windows.log:238: trailing whitespace.
+2026-10-08T00:19:04.4214558Z [36;1mprintf 'echo AAI-WRAPPER-SMOKE-MARKER\necho AAI-WRAPPER-SMOKE-MARKER > "$AAI_SMOKE_MARKER_FILE"\nexit 3\n' > "$tmp/aai-smoke-marker.sh"[0m
docs/ai/tdd/test008-native-20261008T000204Z/native-windows.log:239: trailing whitespace.
+2026-10-08T00:19:04.4215247Z [36;1m# Field fact (PR #247 run 31603532721): the timeout arm returned 0[0m
docs/ai/tdd/test008-native-20261008T000204Z/native-windows.log:240: trailing whitespace.
+2026-10-08T00:19:04.4215681Z [36;1m# instead of 124 -- the fixture must hang UNCONDITIONALLY, with a[0m
docs/ai/tdd/test008-native-20261008T000204Z/native-windows.log:241: trailing whitespace.
+2026-10-08T00:19:04.4216110Z [36;1m# duration that cannot plausibly elapse (300s vs. the arm's[0m
docs/ai/tdd/test008-native-20261008T000204Z/native-windows.log:242: trailing whitespace.
+2026-10-08T00:19:04.4216805Z [36;1m# AAI_TEST_TIMEOUT=2 + outer watchdog grace). `sleep 300` has no[0m
docs/ai/tdd/test008-native-20261008T000204Z/native-windows.log:243: trailing whitespace.
+2026-10-08T00:19:04.4220824Z [36;1m# `read`/tty dependency and no EOF-on-stdin escape hatch.[0m
docs/ai/tdd/test008-native-20261008T000204Z/native-windows.log:244: trailing whitespace.
+2026-10-08T00:19:04.4222267Z [36;1mprintf 'sleep 300\n' > "$tmp/aai-smoke-hang.sh"[0m
docs/ai/tdd/test008-native-20261008T000204Z/native-windows.log:245: trailing whitespace.
+2026-10-08T00:19:04.4222906Z [36;1mprintf 'echo SHOULD-NOT-RUN\n' > "$tmp/aai-smoke-spawnfail.sh"[0m
docs/ai/tdd/test008-native-20261008T000204Z/native-windows.log:246: trailing whitespace.
+2026-10-08T00:19:04.4249413Z shell: C:\Program Files\Git\bin\bash.EXE --noprofile --norc -e -o pipefail {0}
docs/ai/tdd/test008-native-20261008T000204Z/native-windows.log:247: trailing whitespace.
+2026-10-08T00:19:04.4249803Z env:
docs/ai/tdd/test008-native-20261008T000204Z/native-windows.log:248: trailing whitespace.
+2026-10-08T00:19:04.4249999Z   AAI_EXPECTED_WIN_SKIP_COUNT: 4
docs/ai/tdd/test008-native-20261008T000204Z/native-windows.log:249: trailing whitespace.
+2026-10-08T00:19:04.4250221Z ##[endgroup]
docs/ai/tdd/test008-native-20261008T000204Z/native-windows.log:250: trailing whitespace.
+2026-10-08T00:19:04.6304608Z ##[group]Run $ErrorActionPreference = "Stop"
docs/ai/tdd/test008-native-20261008T000204Z/native-windows.log:251: trailing whitespace.
+2026-10-08T00:19:04.6305389Z [36;1m$ErrorActionPreference = "Stop"[0m
docs/ai/tdd/test008-native-20261008T000204Z/native-windows.log:252: trailing whitespace.
+2026-10-08T00:19:04.6306414Z [36;1m$engine = "powershell.exe"[0m
docs/ai/tdd/test008-native-20261008T000204Z/native-windows.log:253: trailing whitespace.
+2026-10-08T00:19:04.6306820Z [36;1m$scriptPath = (Resolve-Path ".\.aai\scripts\aai-run-tests.ps1").Path[0m
docs/ai/tdd/test008-native-20261008T000204Z/native-windows.log:254: trailing whitespace.
+2026-10-08T00:19:04.6307328Z [36;1m$markerScript = Join-Path $env:RUNNER_TEMP "aai-smoke-marker.sh"[0m
docs/ai/tdd/test008-native-20261008T000204Z/native-windows.log:255: trailing whitespace.
+2026-10-08T00:19:04.6308154Z [36;1m$hangScript = Join-Path $env:RUNNER_TEMP "aai-smoke-hang.sh"[0m
docs/ai/tdd/test008-native-20261008T000204Z/native-windows.log:256: trailing whitespace.
+2026-10-08T00:19:04.6308638Z [36;1m$spawnfailScript = Join-Path $env:RUNNER_TEMP "aai-smoke-spawnfail.sh"[0m
docs/ai/tdd/test008-native-20261008T000204Z/native-windows.log:257: trailing whitespace.
+2026-10-08T00:19:04.6309140Z [36;1m$markerFile = Join-Path $env:RUNNER_TEMP "aai-smoke-51-success.marker"[0m
docs/ai/tdd/test008-native-20261008T000204Z/native-windows.log:258: trailing whitespace.
+2026-10-08T00:19:04.6309512Z [36;1m$fail = 0[0m
docs/ai/tdd/test008-native-20261008T000204Z/native-windows.log:259: trailing whitespace.
+2026-10-08T00:19:04.6309695Z [36;1m[0m
docs/ai/tdd/test008-native-20261008T000204Z/native-windows.log:260: trailing whitespace.
+2026-10-08T00:19:04.6309878Z [36;1mfunction New-SmokeCommandText {[0m
docs/ai/tdd/test008-native-20261008T000204Z/native-windows.log:261: trailing whitespace.
+2026-10-08T00:19:04.6310285Z [36;1m  # Builds a -Command script string that sets $ExtraEnv INSIDE the[0m
docs/ai/tdd/test008-native-20261008T000204Z/native-windows.log:262: trailing whitespace.
+2026-10-08T00:19:04.6310740Z [36;1m  # spawned engine's own process, then invokes the wrapper via the[0m
docs/ai/tdd/test008-native-20261008T000204Z/native-windows.log:263: trailing whitespace.
+2026-10-08T00:19:04.6311185Z [36;1m  # call operator, then propagates its real exit code explicitly.[0m
docs/ai/tdd/test008-native-20261008T000204Z/native-windows.log:264: trailing whitespace.
+2026-10-08T00:19:04.6311610Z [36;1m  # See the H3 hardening note above the step header for why this[0m
docs/ai/tdd/test008-native-20261008T000204Z/native-windows.log:265: trailing whitespace.
+2026-10-08T00:19:04.6312027Z [36;1m  # replaces ambient parent->child env inheritance across the[0m
docs/ai/tdd/test008-native-20261008T000204Z/native-windows.log:266: trailing whitespace.
+2026-10-08T00:19:04.6312374Z [36;1m  # Start-Process boundary.[0m
docs/ai/tdd/test008-native-20261008T000204Z/native-windows.log:267: trailing whitespace.
+2026-10-08T00:19:04.6312607Z [36;1m  param([0m
docs/ai/tdd/test008-native-20261008T000204Z/native-windows.log:268: trailing whitespace.
+2026-10-08T00:19:04.6312836Z [36;1m    [Parameter(Mandatory)][string]$ScriptPath,[0m
docs/ai/tdd/test008-native-20261008T000204Z/native-windows.log:269: trailing whitespace.
+2026-10-08T00:19:04.6313173Z [36;1m    [Parameter(Mandatory)][string[]]$WrapperArgs,[0m
docs/ai/tdd/test008-native-20261008T000204Z/native-windows.log:270: trailing whitespace.
+2026-10-08T00:19:04.6313470Z [36;1m    [hashtable]$ExtraEnv[0m
docs/ai/tdd/test008-native-20261008T000204Z/native-windows.log:271: trailing whitespace.
+2026-10-08T00:19:04.6313684Z [36;1m  )[0m
docs/ai/tdd/test008-native-20261008T000204Z/native-windows.log:272: trailing whitespace.
+2026-10-08T00:19:04.6313888Z [36;1m  $sb = [System.Text.StringBuilder]::new()[0m
docs/ai/tdd/test008-native-20261008T000204Z/native-windows.log:273: trailing whitespace.
+2026-10-08T00:19:04.6314163Z [36;1m  if ($ExtraEnv) {[0m
docs/ai/tdd/test008-native-20261008T000204Z/native-windows.log:274: trailing whitespace.
+2026-10-08T00:19:04.6314401Z [36;1m    foreach ($k in $ExtraEnv.Keys) {[0m
docs/ai/tdd/test008-native-20261008T000204Z/native-windows.log:275: trailing whitespace.
+2026-10-08T00:19:04.6314713Z [36;1m      $v = ([string]$ExtraEnv[$k]) -replace "'", "''"[0m
docs/ai/tdd/test008-native-20261008T000204Z/native-windows.log:276: trailing whitespace.
+2026-10-08T00:19:04.6315037Z [36;1m      [void]$sb.Append("`$env:$k = '$v'; ")[0m
docs/ai/tdd/test008-native-20261008T000204Z/native-windows.log:277: trailing whitespace.
+2026-10-08T00:19:04.6315288Z [36;1m    }[0m
docs/ai/tdd/test008-native-20261008T000204Z/native-windows.log:278: trailing whitespace.
+2026-10-08T00:19:04.6315450Z [36;1m  }[0m
docs/ai/tdd/test008-native-20261008T000204Z/native-windows.log:279: trailing whitespace.
+2026-10-08T00:19:04.6315664Z [36;1m  $q = { param($s) "'" + ($s -replace "'", "''") + "'" }[0m
docs/ai/tdd/test008-native-20261008T000204Z/native-windows.log:280: trailing whitespace.
+2026-10-08T00:19:04.6315987Z [36;1m  [void]$sb.Append('& ' + (& $q $ScriptPath))[0m
docs/ai/tdd/test008-native-20261008T000204Z/native-windows.log:281: trailing whitespace.
+2026-10-08T00:19:04.6316347Z [36;1m  foreach ($a in $WrapperArgs) { [void]$sb.Append(' ' + (& $q $a)) }[0m
docs/ai/tdd/test008-native-20261008T000204Z/native-windows.log:282: trailing whitespace.
+2026-10-08T00:19:04.6316717Z [36;1m  [void]$sb.Append('; exit $LASTEXITCODE')[0m
docs/ai/tdd/test008-native-20261008T000204Z/native-windows.log:283: trailing whitespace.
+2026-10-08T00:19:04.6316988Z [36;1m  return $sb.ToString()[0m
docs/ai/tdd/test008-native-20261008T000204Z/native-windows.log:284: trailing whitespace.
+2026-10-08T00:19:04.6317199Z [36;1m}[0m
docs/ai/tdd/test008-native-20261008T000204Z/native-windows.log:285: trailing whitespace.
+2026-10-08T00:19:04.6317348Z [36;1m[0m
docs/ai/tdd/test008-native-20261008T000204Z/native-windows.log:286: trailing whitespace.
+2026-10-08T00:19:04.6317524Z [36;1mfunction Get-SmokeDiagBranch {[0m
docs/ai/tdd/test008-native-20261008T000204Z/native-windows.log:287: trailing whitespace.
+2026-10-08T00:19:04.6318082Z [36;1m  # PR #247 iter-4: the wrapper now prints an unconditional[0m
docs/ai/tdd/test008-native-20261008T000204Z/native-windows.log:288: trailing whitespace.
+2026-10-08T00:19:04.6318505Z [36;1m  # "AAI-BRANCH: <Branch> | AAI-TIMEOUT: <N>s (source=env|default)"[0m
docs/ai/tdd/test008-native-20261008T000204Z/native-windows.log:289: trailing whitespace.
+2026-10-08T00:19:04.6318910Z [36;1m  # line on every non-error run (Write-BranchDiag in[0m
docs/ai/tdd/test008-native-20261008T000204Z/native-windows.log:290: trailing whitespace.
+2026-10-08T00:19:04.6319308Z [36;1m  # aai-run-tests.ps1), so a SUCCESSFUL arm no longer has to fall[0m
docs/ai/tdd/test008-native-20261008T000204Z/native-windows.log:291: trailing whitespace.
+2026-10-08T00:19:04.6319736Z [36;1m  # back to "unknown" -- only the spawn-error and env-error paths[0m
docs/ai/tdd/test008-native-20261008T000204Z/native-windows.log:292: trailing whitespace.
+2026-10-08T00:19:04.6320162Z [36;1m  # still need their own patterns (AAI-BRANCH is never emitted on[0m
docs/ai/tdd/test008-native-20261008T000204Z/native-windows.log:293: trailing whitespace.
+2026-10-08T00:19:04.6320610Z [36;1m  # those, by the wrapper's own Spec-AC-02/03 single-line contracts).[0m
docs/ai/tdd/test008-native-20261008T000204Z/native-windows.log:294: trailing whitespace.
+2026-10-08T00:19:04.6320958Z [36;1m  param([string]$Err)[0m
docs/ai/tdd/test008-native-20261008T000204Z/native-windows.log:295: trailing whitespace.
+2026-10-08T00:19:04.6321292Z [36;1m  if ($Err -match 'AAI-BRANCH:\s*([^|]+?)\s*\|') { return $Matches[1].Trim() }[0m
docs/ai/tdd/test008-native-20261008T000204Z/native-windows.log:296: trailing whitespace.
+2026-10-08T00:19:04.6321766Z [36;1m  if ($Err -match 'AAI-SPAWN-ERROR:\s*\[([^\]]+)\]') { return $Matches[1] }[0m
docs/ai/tdd/test008-native-20261008T000204Z/native-windows.log:297: trailing whitespace.
+2026-10-08T00:19:04.6323735Z [36;1m  if ($Err -match 'AAI-ENV-ERROR') { return 'none (env-error)' }[0m
docs/ai/tdd/test008-native-20261008T000204Z/native-windows.log:298: trailing whitespace.
+2026-10-08T00:19:04.6324213Z [36;1m  return 'unknown (no branch marker on stderr)'[0m
docs/ai/tdd/test008-native-20261008T000204Z/native-windows.log:299: trailing whitespace.
+2026-10-08T00:19:04.6324632Z [36;1m}[0m
docs/ai/tdd/test008-native-20261008T000204Z/native-windows.log:300: trailing whitespace.
+2026-10-08T00:19:04.6324790Z [36;1m[0m
docs/ai/tdd/test008-native-20261008T000204Z/native-windows.log:301: trailing whitespace.
+2026-10-08T00:19:04.6324983Z [36;1mfunction Invoke-WrapperSmokeArm {[0m
docs/ai/tdd/test008-native-20261008T000204Z/native-windows.log:302: trailing whitespace.
+2026-10-08T00:19:04.6325369Z [36;1m  param([string]$ArmName, [string[]]$WrapperArgs, [hashtable]$ExtraEnv)[0m
docs/ai/tdd/test008-native-20261008T000204Z/native-windows.log:303: trailing whitespace.
+2026-10-08T00:19:04.6325849Z [36;1m  $outFile = Join-Path $env:RUNNER_TEMP "aai-smoke-51-$ArmName.out"[0m
docs/ai/tdd/test008-native-20261008T000204Z/native-windows.log:304: trailing whitespace.
+2026-10-08T00:19:04.6326292Z [36;1m  $errFile = Join-Path $env:RUNNER_TEMP "aai-smoke-51-$ArmName.err"[0m
docs/ai/tdd/test008-native-20261008T000204Z/native-windows.log:305: trailing whitespace.
+2026-10-08T00:19:04.6326705Z [36;1m  if (Test-Path $outFile) { Remove-Item $outFile -Force }[0m
docs/ai/tdd/test008-native-20261008T000204Z/native-windows.log:306: trailing whitespace.
+2026-10-08T00:19:04.6327102Z [36;1m  if (Test-Path $errFile) { Remove-Item $errFile -Force }[0m
docs/ai/tdd/test008-native-20261008T000204Z/native-windows.log:307: trailing whitespace.
+2026-10-08T00:19:04.6327979Z [36;1m  $commandText = New-SmokeCommandText -ScriptPath $scriptPath -WrapperArgs $WrapperArgs -ExtraEnv $ExtraEnv[0m
docs/ai/tdd/test008-native-20261008T000204Z/native-windows.log:308: trailing whitespace.
+2026-10-08T00:19:04.6328577Z [36;1m  $psArgs = @('-NoProfile', '-Command', $commandText)[0m
docs/ai/tdd/test008-native-20261008T000204Z/native-windows.log:309: trailing whitespace.
+2026-10-08T00:19:04.6329077Z [36;1m  $p = Start-Process -FilePath $engine -ArgumentList $psArgs -NoNewWindow -PassThru -Wait `[0m
docs/ai/tdd/test008-native-20261008T000204Z/native-windows.log:310: trailing whitespace.
+2026-10-08T00:19:04.6329669Z [36;1m        -RedirectStandardOutput $outFile -RedirectStandardError $errFile[0m
docs/ai/tdd/test008-native-20261008T000204Z/native-windows.log:311: trailing whitespace.
+2026-10-08T00:19:04.6330147Z [36;1m  $out = Get-Content $outFile -Raw -ErrorAction SilentlyContinue[0m
docs/ai/tdd/test008-native-20261008T000204Z/native-windows.log:312: trailing whitespace.
+2026-10-08T00:19:04.6330590Z [36;1m  $err = Get-Content $errFile -Raw -ErrorAction SilentlyContinue[0m
docs/ai/tdd/test008-native-20261008T000204Z/native-windows.log:313: trailing whitespace.
+2026-10-08T00:19:04.6331073Z [36;1m  $result = [pscustomobject]@{ Code = $p.ExitCode; Out = $out; Err = $err }[0m
docs/ai/tdd/test008-native-20261008T000204Z/native-windows.log:314: trailing whitespace.
+2026-10-08T00:19:04.6331517Z [36;1m  $branch = Get-SmokeDiagBranch -Err $result.Err[0m
docs/ai/tdd/test008-native-20261008T000204Z/native-windows.log:315: trailing whitespace.
+2026-10-08T00:19:04.6332080Z [36;1m  $out80 = if ($result.Out) { $result.Out.Substring(0, [Math]::Min(80, $result.Out.Length)) } else { '' }[0m
docs/ai/tdd/test008-native-20261008T000204Z/native-windows.log:316: trailing whitespace.
+2026-10-08T00:19:04.6332745Z [36;1m  $err80 = if ($result.Err) { $result.Err.Substring(0, [Math]::Min(80, $result.Err.Length)) } else { '' }[0m
docs/ai/tdd/test008-native-20261008T000204Z/native-windows.log:317: trailing whitespace.
+2026-10-08T00:19:04.6333319Z [36;1m  Write-Host "diag[$ArmName]: branch=$branch out80=[$out80] err80=[$err80]"[0m
docs/ai/tdd/test008-native-20261008T000204Z/native-windows.log:318: trailing whitespace.
+2026-10-08T00:19:04.6333695Z [36;1m  return $result[0m
docs/ai/tdd/test008-native-20261008T000204Z/native-windows.log:319: trailing whitespace.
+2026-10-08T00:19:04.6333890Z [36;1m}[0m
docs/ai/tdd/test008-native-20261008T000204Z/native-windows.log:320: trailing whitespace.
+2026-10-08T00:19:04.6334043Z [36;1m[0m
docs/ai/tdd/test008-native-20261008T000204Z/native-windows.log:321: trailing whitespace.
+2026-10-08T00:19:04.6334241Z [36;1mfunction Resolve-RealGitBashForSmoke {[0m
docs/ai/tdd/test008-native-20261008T000204Z/native-windows.log:322: trailing whitespace.
+2026-10-08T00:19:04.6334630Z [36;1m  # Mirrors Get-GitBashCandidates/Find-GitBash's resolution order[0m
docs/ai/tdd/test008-native-20261008T000204Z/native-windows.log:323: trailing whitespace.
+2026-10-08T00:19:04.6335074Z [36;1m  # (read-only re-derivation for the test harness; the production[0m
docs/ai/tdd/test008-native-20261008T000204Z/native-windows.log:324: trailing whitespace.
+2026-10-08T00:19:04.6353540Z [36;1m  # functions in aai-run-tests.ps1 are untouched) so the decoy swap[0m
docs/ai/tdd/test008-native-20261008T000204Z/native-windows.log:325: trailing whitespace.
+2026-10-08T00:19:04.6354043Z [36;1m  # below always targets the SAME file the wrapper would resolve.[0m
docs/ai/tdd/test008-native-20261008T000204Z/native-windows.log:326: trailing whitespace.
+2026-10-08T00:19:04.6354404Z [36;1m  $candidates = @()[0m
docs/ai/tdd/test008-native-20261008T000204Z/native-windows.log:327: trailing whitespace.
+2026-10-08T00:19:04.6354841Z [36;1m  if ($env:ProgramFiles) { $candidates += (Join-Path $env:ProgramFiles 'Git\bin\bash.exe') }[0m
docs/ai/tdd/test008-native-20261008T000204Z/native-windows.log:328: trailing whitespace.
+2026-10-08T00:19:04.6355336Z [36;1m  $pf86 = ${env:ProgramFiles(x86)}[0m
docs/ai/tdd/test008-native-20261008T000204Z/native-windows.log:329: trailing whitespace.
+2026-10-08T00:19:04.6355703Z [36;1m  if ($pf86) { $candidates += (Join-Path $pf86 'Git\bin\bash.exe') }[0m
docs/ai/tdd/test008-native-20261008T000204Z/native-windows.log:330: trailing whitespace.
+2026-10-08T00:19:04.6356144Z [36;1m  $gitCmd = Get-Command git.exe -ErrorAction SilentlyContinue[0m
docs/ai/tdd/test008-native-20261008T000204Z/native-windows.log:331: trailing whitespace.
+2026-10-08T00:19:04.6356495Z [36;1m  if ($gitCmd) {[0m
docs/ai/tdd/test008-native-20261008T000204Z/native-windows.log:332: trailing whitespace.
+2026-10-08T00:19:04.6356694Z [36;1m    try {[0m
docs/ai/tdd/test008-native-20261008T000204Z/native-windows.log:333: trailing whitespace.
+2026-10-08T00:19:04.6356930Z [36;1m      $execPath = & git.exe --exec-path 2>$null[0m
docs/ai/tdd/test008-native-20261008T000204Z/native-windows.log:334: trailing whitespace.
+2026-10-08T00:19:04.6357221Z [36;1m      if ($execPath) {[0m
docs/ai/tdd/test008-native-20261008T000204Z/native-windows.log:335: trailing whitespace.
+2026-10-08T00:19:04.6357854Z [36;1m        $gitRoot = Split-Path (Split-Path (Split-Path $execPath -Parent) -Parent) -Parent[0m
docs/ai/tdd/test008-native-20261008T000204Z/native-windows.log:336: trailing whitespace.
+2026-10-08T00:19:04.6358455Z [36;1m        if ($gitRoot) { $candidates += (Join-Path $gitRoot 'bin\bash.exe') }[0m
docs/ai/tdd/test008-native-20261008T000204Z/native-windows.log:337: trailing whitespace.
+2026-10-08T00:19:04.6358815Z [36;1m      }[0m
docs/ai/tdd/test008-native-20261008T000204Z/native-windows.log:338: trailing whitespace.
+2026-10-08T00:19:04.6358993Z [36;1m    } catch {}[0m
docs/ai/tdd/test008-native-20261008T000204Z/native-windows.log:339: trailing whitespace.
+2026-10-08T00:19:04.6359185Z [36;1m  }[0m
docs/ai/tdd/test008-native-20261008T000204Z/native-windows.log:340: trailing whitespace.
+2026-10-08T00:19:04.6359483Z [36;1m  $pathBash = Get-Command bash.exe -ErrorAction SilentlyContinue -All[0m
docs/ai/tdd/test008-native-20261008T000204Z/native-windows.log:341: trailing whitespace.
+2026-10-08T00:19:04.6360686Z [36;1m  if ($pathBash) { foreach ($b in $pathBash) { $candidates += $b.Source } }[0m
docs/ai/tdd/test008-native-20261008T000204Z/native-windows.log:342: trailing whitespace.
+2026-10-08T00:19:04.6361128Z [36;1m  foreach ($c in $candidates) {[0m
docs/ai/tdd/test008-native-20261008T000204Z/native-windows.log:343: trailing whitespace.
+2026-10-08T00:19:04.6361499Z [36;1m    if (-not $c) { continue }[0m
docs/ai/tdd/test008-native-20261008T000204Z/native-windows.log:344: trailing whitespace.
+2026-10-08T00:19:04.6361804Z [36;1m    if ($c -match '(?i)\\System32\\bash\.exe$') { continue }[0m
docs/ai/tdd/test008-native-20261008T000204Z/native-windows.log:345: trailing whitespace.
+2026-10-08T00:19:04.6362216Z [36;1m    if (Test-Path -LiteralPath $c -PathType Leaf) { return $c }[0m
docs/ai/tdd/test008-native-20261008T000204Z/native-windows.log:346: trailing whitespace.
+2026-10-08T00:19:04.6362551Z [36;1m  }[0m
docs/ai/tdd/test008-native-20261008T000204Z/native-windows.log:347: trailing whitespace.
+2026-10-08T00:19:04.6362721Z [36;1m  return $null[0m
docs/ai/tdd/test008-native-20261008T000204Z/native-windows.log:348: trailing whitespace.
+2026-10-08T00:19:04.6362915Z [36;1m}[0m
docs/ai/tdd/test008-native-20261008T000204Z/native-windows.log:349: trailing whitespace.
+2026-10-08T00:19:04.6363063Z [36;1m[0m
docs/ai/tdd/test008-native-20261008T000204Z/native-windows.log:350: trailing whitespace.
+2026-10-08T00:19:04.6363225Z [36;1m# Arm 1 - success[0m
docs/ai/tdd/test008-native-20261008T000204Z/native-windows.log:351: trailing whitespace.
+2026-10-08T00:19:04.6363533Z [36;1mif (Test-Path $markerFile) { Remove-Item $markerFile -Force }[0m
docs/ai/tdd/test008-native-20261008T000204Z/native-windows.log:352: trailing whitespace.
+2026-10-08T00:19:04.6364209Z [36;1m$r1 = Invoke-WrapperSmokeArm -ArmName 'success' -WrapperArgs @('sh', $markerScript) -ExtraEnv @{ AAI_SMOKE_MARKER_FILE = $markerFile }[0m
docs/ai/tdd/test008-native-20261008T000204Z/native-windows.log:353: trailing whitespace.
+2026-10-08T00:19:04.6364910Z [36;1mWrite-Host "success: code=$($r1.Code) out=[$($r1.Out)] err=[$($r1.Err)]"[0m
docs/ai/tdd/test008-native-20261008T000204Z/native-windows.log:354: trailing whitespace.
+2026-10-08T00:19:04.6365452Z [36;1mif ($r1.Code -ne 3) { Write-Host "FAIL success: expected exit 3, got $($r1.Code)"; $fail++ }[0m
docs/ai/tdd/test008-native-20261008T000204Z/native-windows.log:355: trailing whitespace.
+2026-10-08T00:19:04.6365908Z [36;1mif (-not (Test-Path $markerFile)) {[0m
docs/ai/tdd/test008-native-20261008T000204Z/native-windows.log:356: trailing whitespace.
+2026-10-08T00:19:04.6366310Z [36;1m  Write-Host "FAIL success: marker file was not created: $markerFile"; $fail++[0m
docs/ai/tdd/test008-native-20261008T000204Z/native-windows.log:357: trailing whitespace.
+2026-10-08T00:19:04.6367024Z [36;1m} elseif ((Get-Content -LiteralPath $markerFile -Raw -ErrorAction SilentlyContinue) -notmatch 'AAI-WRAPPER-SMOKE-MARKER') {[0m
docs/ai/tdd/test008-native-20261008T000204Z/native-windows.log:358: trailing whitespace.
+2026-10-08T00:19:04.6368039Z [36;1m  Write-Host "FAIL success: marker file exists but lacks expected content"; $fail++[0m
docs/ai/tdd/test008-native-20261008T000204Z/native-windows.log:359: trailing whitespace.
+2026-10-08T00:19:04.6368449Z [36;1m}[0m
docs/ai/tdd/test008-native-20261008T000204Z/native-windows.log:360: trailing whitespace.
+2026-10-08T00:19:04.6368880Z [36;1mif ($r1.Err -match 'AAI-SPAWN-ERROR') { Write-Host "FAIL success: unexpected AAI-SPAWN-ERROR on stderr"; $fail++ }[0m
docs/ai/tdd/test008-native-20261008T000204Z/native-windows.log:361: trailing whitespace.
+2026-10-08T00:19:04.6369381Z [36;1m[0m
docs/ai/tdd/test008-native-20261008T000204Z/native-windows.log:362: trailing whitespace.
+2026-10-08T00:19:04.6369639Z [36;1m# Arm 2 - genuine timeout (124 keeps its own meaning, never 125)[0m
docs/ai/tdd/test008-native-20261008T000204Z/native-windows.log:363: trailing whitespace.
+2026-10-08T00:19:04.6370262Z [36;1m$r2 = Invoke-WrapperSmokeArm -ArmName 'timeout' -WrapperArgs @('sh', $hangScript) -ExtraEnv @{ AAI_TEST_TIMEOUT = '2' }[0m
docs/ai/tdd/test008-native-20261008T000204Z/native-windows.log:364: trailing whitespace.
+2026-10-08T00:19:04.6370864Z [36;1mWrite-Host "timeout: code=$($r2.Code) err=[$($r2.Err)]"[0m
docs/ai/tdd/test008-native-20261008T000204Z/native-windows.log:365: trailing whitespace.
+2026-10-08T00:19:04.6371361Z [36;1mif ($r2.Code -ne 124) { Write-Host "FAIL timeout: expected exit 124, got $($r2.Code)"; $fail++ }[0m
docs/ai/tdd/test008-native-20261008T000204Z/native-windows.log:366: trailing whitespace.
+2026-10-08T00:19:04.6372057Z [36;1mif ($r2.Err -match 'AAI-SPAWN-ERROR') { Write-Host "FAIL timeout: unexpected AAI-SPAWN-ERROR on stderr"; $fail++ }[0m
docs/ai/tdd/test008-native-20261008T000204Z/native-windows.log:367: trailing whitespace.
+2026-10-08T00:19:04.6372560Z [36;1m[0m
docs/ai/tdd/test008-native-20261008T000204Z/native-windows.log:368: trailing whitespace.
+2026-10-08T00:19:04.6372846Z [36;1m# Arm 3 - REAL induced spawn failure (non-vacuous AAI-SPAWN-ERROR proof)[0m
docs/ai/tdd/test008-native-20261008T000204Z/native-windows.log:369: trailing whitespace.
+2026-10-08T00:19:04.6373252Z [36;1m$realBash = Resolve-RealGitBashForSmoke[0m
docs/ai/tdd/test008-native-20261008T000204Z/native-windows.log:370: trailing whitespace.
+2026-10-08T00:19:04.6373533Z [36;1mif (-not $realBash) {[0m
docs/ai/tdd/test008-native-20261008T000204Z/native-windows.log:371: trailing whitespace.
+2026-10-08T00:19:04.6373993Z [36;1m  Write-Host "FAIL spawnfail: no real Git Bash resolved on this runner (cannot induce a real spawn failure)"[0m
docs/ai/tdd/test008-native-20261008T000204Z/native-windows.log:372: trailing whitespace.
+2026-10-08T00:19:04.6374471Z [36;1m  $fail++[0m
docs/ai/tdd/test008-native-20261008T000204Z/native-windows.log:373: trailing whitespace.
+2026-10-08T00:19:04.6374685Z [36;1m} else {[0m
docs/ai/tdd/test008-native-20261008T000204Z/native-windows.log:374: trailing whitespace.
+2026-10-08T00:19:04.6374907Z [36;1m  $backupPath = "$realBash.aai-smoke-backup"[0m
docs/ai/tdd/test008-native-20261008T000204Z/native-windows.log:375: trailing whitespace.
+2026-10-08T00:19:04.6375283Z [36;1m  Move-Item -Path $realBash -Destination $backupPath -Force[0m
docs/ai/tdd/test008-native-20261008T000204Z/native-windows.log:376: trailing whitespace.
+2026-10-08T00:19:04.6375968Z [36;1m  Set-Content -Path $realBash -Value "not a real executable (aai-run-tests.ps1 smoke: induced spawn failure)" -NoNewline -Encoding ascii[0m
docs/ai/tdd/test008-native-20261008T000204Z/native-windows.log:377: trailing whitespace.
+2026-10-08T00:19:04.6376548Z [36;1m  try {[0m
docs/ai/tdd/test008-native-20261008T000204Z/native-windows.log:378: trailing whitespace.
+2026-10-08T00:19:04.6376917Z [36;1m    $r3 = Invoke-WrapperSmokeArm -ArmName 'spawnfail' -WrapperArgs @('sh', $spawnfailScript)[0m
docs/ai/tdd/test008-native-20261008T000204Z/native-windows.log:379: trailing whitespace.
+2026-10-08T00:19:04.6377354Z [36;1m  } finally {[0m
docs/ai/tdd/test008-native-20261008T000204Z/native-windows.log:380: trailing whitespace.
+2026-10-08T00:19:04.6377888Z [36;1m    Remove-Item -Path $realBash -Force -ErrorAction SilentlyContinue[0m
docs/ai/tdd/test008-native-20261008T000204Z/native-windows.log:381: trailing whitespace.
+2026-10-08T00:19:04.6378358Z [36;1m    Move-Item -Path $backupPath -Destination $realBash -Force[0m
docs/ai/tdd/test008-native-20261008T000204Z/native-windows.log:382: trailing whitespace.
+2026-10-08T00:19:04.6378678Z [36;1m  }[0m
docs/ai/tdd/test008-native-20261008T000204Z/native-windows.log:383: trailing whitespace.
+2026-10-08T00:19:04.6378977Z [36;1m  Write-Host "spawnfail: code=$($r3.Code) out=[$($r3.Out)] err=[$($r3.Err)]"[0m
docs/ai/tdd/test008-native-20261008T000204Z/native-windows.log:384: trailing whitespace.
+2026-10-08T00:19:04.6379654Z [36;1m  if ($r3.Code -ne 125) { Write-Host "FAIL spawnfail: expected exit 125, got $($r3.Code)"; $fail++ }[0m
docs/ai/tdd/test008-native-20261008T000204Z/native-windows.log:385: trailing whitespace.
+2026-10-08T00:19:04.6380487Z [36;1m  if ($r3.Err -notmatch 'AAI-SPAWN-ERROR') { Write-Host "FAIL spawnfail: expected AAI-SPAWN-ERROR on stderr, got none"; $fail++ }[0m
docs/ai/tdd/test008-native-20261008T000204Z/native-windows.log:386: trailing whitespace.
+2026-10-08T00:19:04.6381383Z [36;1m  if ($r3.Out -match 'AAI-WRAPPER-SMOKE-MARKER') { Write-Host "FAIL spawnfail: marker must NOT appear (process never started)"; $fail++ }[0m
docs/ai/tdd/test008-native-20261008T000204Z/native-windows.log:387: trailing whitespace.
+2026-10-08T00:19:04.6382377Z [36;1m  if ($r3.Out -match 'SHOULD-NOT-RUN') { Write-Host "FAIL spawnfail: fixture RAN (SHOULD-NOT-RUN captured) - 125 did not come from a pre-spawn failure"; $fail++ }[0m
docs/ai/tdd/test008-native-20261008T000204Z/native-windows.log:388: trailing whitespace.
+2026-10-08T00:19:04.6383023Z [36;1m}[0m
docs/ai/tdd/test008-native-20261008T000204Z/native-windows.log:389: trailing whitespace.
+2026-10-08T00:19:04.6383176Z [36;1m[0m
docs/ai/tdd/test008-native-20261008T000204Z/native-windows.log:390: trailing whitespace.
+2026-10-08T00:19:04.6383600Z [36;1mif ($fail -gt 0) { Write-Error "real-wrapper smoke failed under Windows PowerShell 5.1 ($fail check(s))"; exit 1 }[0m
docs/ai/tdd/test008-native-20261008T000204Z/native-windows.log:391: trailing whitespace.
+2026-10-08T00:19:04.6384326Z [36;1mWrite-Host "REAL-WRAPPER SMOKE OK (Windows PowerShell 5.1): success/timeout/spawnfail all correct"[0m
docs/ai/tdd/test008-native-20261008T000204Z/native-windows.log:392: trailing whitespace.
+2026-10-08T00:19:04.6456343Z shell: C:\Windows\System32\WindowsPowerShell\v1.0\powershell.EXE -command ". '{0}'"
docs/ai/tdd/test008-native-20261008T000204Z/native-windows.log:393: trailing whitespace.
+2026-10-08T00:19:04.6456763Z env:
docs/ai/tdd/test008-native-20261008T000204Z/native-windows.log:394: trailing whitespace.
+2026-10-08T00:19:04.6456946Z   AAI_EXPECTED_WIN_SKIP_COUNT: 4
docs/ai/tdd/test008-native-20261008T000204Z/native-windows.log:395: trailing whitespace.
+2026-10-08T00:19:04.6457179Z ##[endgroup]
docs/ai/tdd/test008-native-20261008T000204Z/native-windows.log:396: trailing whitespace.
+2026-10-08T00:19:09.1485399Z diag[success]: branch=Git Bash out80=[AAI-WRAPPER-SMOKE-MARKER
docs/ai/tdd/test008-native-20261008T000204Z/native-windows.log:397: trailing whitespace.
+2026-10-08T00:19:09.1486221Z ] err80=[AAI-BRANCH: Git Bash | AAI-TIMEOUT: 3000s (source=default)
docs/ai/tdd/test008-native-20261008T000204Z/native-windows.log:398: trailing whitespace.
+2026-10-08T00:19:09.1486615Z AAI-DEGRADED-MODE: r]
docs/ai/tdd/test008-native-20261008T000204Z/native-windows.log:399: trailing whitespace.
+2026-10-08T00:19:09.1546934Z success: code=3 out=[AAI-WRAPPER-SMOKE-MARKER
docs/ai/tdd/test008-native-20261008T000204Z/native-windows.log:400: trailing whitespace.
+2026-10-08T00:19:09.1548085Z ] err=[AAI-BRANCH: Git Bash | AAI-TIMEOUT: 3000s (source=default)
docs/ai/tdd/test008-native-20261008T000204Z/native-windows.log:401: trailing whitespace.
+2026-10-08T00:19:09.1549865Z AAI-DEGRADED-MODE: running under Git-Bash/MSYS (MINGW64_NT-10.0-26100) - no POSIX process-group guarantee; using best-effort Windows tree-kill (taskkill //T) or plain kill; detached/reparented descendants are NOT guaranteed reaped (see docs/TECHNOLOGY.md platform matrix).
docs/ai/tdd/test008-native-20261008T000204Z/native-windows.log:402: trailing whitespace.
+2026-10-08T00:19:09.1551571Z ]
docs/ai/tdd/test008-native-20261008T000204Z/native-windows.log:403: trailing whitespace.
+2026-10-08T00:24:10.6876757Z diag[timeout]: branch=Git Bash out80=[] err80=[AAI-BRANCH: Git Bash | AAI-TIMEOUT: 2s (source=env)
docs/ai/tdd/test008-native-20261008T000204Z/native-windows.log:404: trailing whitespace.
+2026-10-08T00:24:10.6877861Z AAI-DEGRADED-MODE: running ]
docs/ai/tdd/test008-native-20261008T000204Z/native-windows.log:405: trailing whitespace.
+2026-10-08T00:24:10.6887462Z timeout: code=124 err=[AAI-BRANCH: Git Bash | AAI-TIMEOUT: 2s (source=env)
docs/ai/tdd/test008-native-20261008T000204Z/native-windows.log:406: trailing whitespace.
+2026-10-08T00:24:10.6889919Z AAI-DEGRADED-MODE: running under Git-Bash/MSYS (MINGW64_NT-10.0-26100) - no POSIX process-group guarantee; using best-effort Windows tree-kill (taskkill //T) or plain kill; detached/reparented descendants are NOT guaranteed reaped (see docs/TECHNOLOGY.md platform matrix).
docs/ai/tdd/test008-native-20261008T000204Z/native-windows.log:407: trailing whitespace.
+2026-10-08T00:24:10.6892327Z aai-run-tests: TIMED OUT after 2s with no progress -- raise the ceiling with AAI_TEST_TIMEOUT=<seconds>
docs/ai/tdd/test008-native-20261008T000204Z/native-windows.log:408: trailing whitespace.
+2026-10-08T00:24:10.6892936Z ]
docs/ai/tdd/test008-native-20261008T000204Z/native-windows.log:409: trailing whitespace.
+2026-10-08T00:24:15.8273518Z diag[spawnfail]: branch=Git Bash out80=[] err80=[AAI-BRANCH: Git Bash | AAI-TIMEOUT: 3000s (source=default)
docs/ai/tdd/test008-native-20261008T000204Z/native-windows.log:410: trailing whitespace.
+2026-10-08T00:24:15.8274663Z AAI-SPAWN-ERROR: [Gi]
docs/ai/tdd/test008-native-20261008T000204Z/native-windows.log:411: trailing whitespace.
+2026-10-08T00:24:15.8328734Z spawnfail: code=125 out=[] err=[AAI-BRANCH: Git Bash | AAI-TIMEOUT: 3000s (source=default)
docs/ai/tdd/test008-native-20261008T000204Z/native-windows.log:412: trailing whitespace.
+2026-10-08T00:24:15.8330777Z AAI-SPAWN-ERROR: [Git Bash] This command cannot be run due to the error: This version of %1 is not compatible with the version of Windows you're running. Check your computer's system information and then contact the software publisher.
docs/ai/tdd/test008-native-20261008T000204Z/native-windows.log:413: trailing whitespace.
+2026-10-08T00:24:15.8333273Z ]
docs/ai/tdd/test008-native-20261008T000204Z/native-windows.log:414: trailing whitespace.
+2026-10-08T00:24:15.8354279Z REAL-WRAPPER SMOKE OK (Windows PowerShell 5.1): success/timeout/spawnfail all correct
docs/ai/tdd/test008-native-20261008T000204Z/native-windows.log:415: trailing whitespace.
+2026-10-08T00:24:15.8875357Z ##[group]Run $ErrorActionPreference = "Stop"
docs/ai/tdd/test008-native-20261008T000204Z/native-windows.log:416: trailing whitespace.
+2026-10-08T00:24:15.8876391Z [36;1m$ErrorActionPreference = "Stop"[0m
docs/ai/tdd/test008-native-20261008T000204Z/native-windows.log:417: trailing whitespace.
+2026-10-08T00:24:15.8876969Z [36;1m$engine = "pwsh"[0m
docs/ai/tdd/test008-native-20261008T000204Z/native-windows.log:418: trailing whitespace.
+2026-10-08T00:24:15.8877673Z [36;1m$scriptPath = (Resolve-Path "./.aai/scripts/aai-run-tests.ps1").Path[0m
docs/ai/tdd/test008-native-20261008T000204Z/native-windows.log:419: trailing whitespace.
+2026-10-08T00:24:15.8878673Z [36;1m$markerScript = Join-Path $env:RUNNER_TEMP "aai-smoke-marker.sh"[0m
docs/ai/tdd/test008-native-20261008T000204Z/native-windows.log:420: trailing whitespace.
+2026-10-08T00:24:15.8879622Z [36;1m$hangScript = Join-Path $env:RUNNER_TEMP "aai-smoke-hang.sh"[0m
docs/ai/tdd/test008-native-20261008T000204Z/native-windows.log:421: trailing whitespace.
+2026-10-08T00:24:15.8881026Z [36;1m$spawnfailScript = Join-Path $env:RUNNER_TEMP "aai-smoke-spawnfail.sh"[0m
docs/ai/tdd/test008-native-20261008T000204Z/native-windows.log:422: trailing whitespace.
+2026-10-08T00:24:15.8883414Z [36;1m$markerFile = Join-Path $env:RUNNER_TEMP "aai-smoke-pwsh7-success.marker"[0m
docs/ai/tdd/test008-native-20261008T000204Z/native-windows.log:423: trailing whitespace.
+2026-10-08T00:24:15.8884281Z [36;1m$fail = 0[0m
docs/ai/tdd/test008-native-20261008T000204Z/native-windows.log:424: trailing whitespace.
+2026-10-08T00:24:15.8884708Z [36;1m[0m
docs/ai/tdd/test008-native-20261008T000204Z/native-windows.log:425: trailing whitespace.
+2026-10-08T00:24:15.8885127Z [36;1mfunction New-SmokeCommandText {[0m
docs/ai/tdd/test008-native-20261008T000204Z/native-windows.log:426: trailing whitespace.
+2026-10-08T00:24:15.8885673Z [36;1m  param([0m
docs/ai/tdd/test008-native-20261008T000204Z/native-windows.log:427: trailing whitespace.
+2026-10-08T00:24:15.8886305Z [36;1m    [Parameter(Mandatory)][string]$ScriptPath,[0m
docs/ai/tdd/test008-native-20261008T000204Z/native-windows.log:428: trailing whitespace.
+2026-10-08T00:24:15.8887048Z [36;1m    [Parameter(Mandatory)][string[]]$WrapperArgs,[0m
docs/ai/tdd/test008-native-20261008T000204Z/native-windows.log:429: trailing whitespace.
+2026-10-08T00:24:15.8887706Z [36;1m    [hashtable]$ExtraEnv[0m
docs/ai/tdd/test008-native-20261008T000204Z/native-windows.log:430: trailing whitespace.
+2026-10-08T00:24:15.8888325Z [36;1m  )[0m
docs/ai/tdd/test008-native-20261008T000204Z/native-windows.log:431: trailing whitespace.
+2026-10-08T00:24:15.8888812Z [36;1m  $sb = [System.Text.StringBuilder]::new()[0m
docs/ai/tdd/test008-native-20261008T000204Z/native-windows.log:432: trailing whitespace.
+2026-10-08T00:24:15.8889432Z [36;1m  if ($ExtraEnv) {[0m
docs/ai/tdd/test008-native-20261008T000204Z/native-windows.log:433: trailing whitespace.
+2026-10-08T00:24:15.8889962Z [36;1m    foreach ($k in $ExtraEnv.Keys) {[0m
docs/ai/tdd/test008-native-20261008T000204Z/native-windows.log:434: trailing whitespace.
+2026-10-08T00:24:15.8890672Z [36;1m      $v = ([string]$ExtraEnv[$k]) -replace "'", "''"[0m
docs/ai/tdd/test008-native-20261008T000204Z/native-windows.log:435: trailing whitespace.
+2026-10-08T00:24:15.8891451Z [36;1m      [void]$sb.Append("`$env:$k = '$v'; ")[0m
docs/ai/tdd/test008-native-20261008T000204Z/native-windows.log:436: trailing whitespace.
+2026-10-08T00:24:15.8891840Z [36;1m    }[0m
docs/ai/tdd/test008-native-20261008T000204Z/native-windows.log:437: trailing whitespace.
+2026-10-08T00:24:15.8892085Z [36;1m  }[0m
docs/ai/tdd/test008-native-20261008T000204Z/native-windows.log:438: trailing whitespace.
+2026-10-08T00:24:15.8892383Z [36;1m  $q = { param($s) "'" + ($s -replace "'", "''") + "'" }[0m
docs/ai/tdd/test008-native-20261008T000204Z/native-windows.log:439: trailing whitespace.
+2026-10-08T00:24:15.8892806Z [36;1m  [void]$sb.Append('& ' + (& $q $ScriptPath))[0m
docs/ai/tdd/test008-native-20261008T000204Z/native-windows.log:440: trailing whitespace.
+2026-10-08T00:24:15.8893260Z [36;1m  foreach ($a in $WrapperArgs) { [void]$sb.Append(' ' + (& $q $a)) }[0m
docs/ai/tdd/test008-native-20261008T000204Z/native-windows.log:441: trailing whitespace.
+2026-10-08T00:24:15.8893713Z [36;1m  [void]$sb.Append('; exit $LASTEXITCODE')[0m
docs/ai/tdd/test008-native-20261008T000204Z/native-windows.log:442: trailing whitespace.
+2026-10-08T00:24:15.8894060Z [36;1m  return $sb.ToString()[0m
docs/ai/tdd/test008-native-20261008T000204Z/native-windows.log:443: trailing whitespace.
+2026-10-08T00:24:15.8894350Z [36;1m}[0m
docs/ai/tdd/test008-native-20261008T000204Z/native-windows.log:444: trailing whitespace.
+2026-10-08T00:24:15.8894577Z [36;1m[0m
docs/ai/tdd/test008-native-20261008T000204Z/native-windows.log:445: trailing whitespace.
+2026-10-08T00:24:15.8894857Z [36;1mfunction Get-SmokeDiagBranch {[0m
docs/ai/tdd/test008-native-20261008T000204Z/native-windows.log:446: trailing whitespace.
+2026-10-08T00:24:15.8895288Z [36;1m  # PR #247 iter-4: mirrors the Windows PowerShell 5.1 step above --[0m
docs/ai/tdd/test008-native-20261008T000204Z/native-windows.log:447: trailing whitespace.
+2026-10-08T00:24:15.8895831Z [36;1m  # see its Get-SmokeDiagBranch comment for the full rationale.[0m
docs/ai/tdd/test008-native-20261008T000204Z/native-windows.log:448: trailing whitespace.
+2026-10-08T00:24:15.8896247Z [36;1m  param([string]$Err)[0m
docs/ai/tdd/test008-native-20261008T000204Z/native-windows.log:449: trailing whitespace.
+2026-10-08T00:24:15.8896659Z [36;1m  if ($Err -match 'AAI-BRANCH:\s*([^|]+?)\s*\|') { return $Matches[1].Trim() }[0m
docs/ai/tdd/test008-native-20261008T000204Z/native-windows.log:450: trailing whitespace.
+2026-10-08T00:24:15.8897218Z [36;1m  if ($Err -match 'AAI-SPAWN-ERROR:\s*\[([^\]]+)\]') { return $Matches[1] }[0m
docs/ai/tdd/test008-native-20261008T000204Z/native-windows.log:451: trailing whitespace.
+2026-10-08T00:24:15.8897747Z [36;1m  if ($Err -match 'AAI-ENV-ERROR') { return 'none (env-error)' }[0m
docs/ai/tdd/test008-native-20261008T000204Z/native-windows.log:452: trailing whitespace.
+2026-10-08T00:24:15.8898226Z [36;1m  return 'unknown (no branch marker on stderr)'[0m
docs/ai/tdd/test008-native-20261008T000204Z/native-windows.log:453: trailing whitespace.
+2026-10-08T00:24:15.8898579Z [36;1m}[0m
docs/ai/tdd/test008-native-20261008T000204Z/native-windows.log:454: trailing whitespace.
+2026-10-08T00:24:15.8898804Z [36;1m[0m
docs/ai/tdd/test008-native-20261008T000204Z/native-windows.log:455: trailing whitespace.
+2026-10-08T00:24:15.8899061Z [36;1mfunction Invoke-WrapperSmokeArm {[0m
docs/ai/tdd/test008-native-20261008T000204Z/native-windows.log:456: trailing whitespace.
+2026-10-08T00:24:15.8899508Z [36;1m  param([string]$ArmName, [string[]]$WrapperArgs, [hashtable]$ExtraEnv)[0m
docs/ai/tdd/test008-native-20261008T000204Z/native-windows.log:457: trailing whitespace.
+2026-10-08T00:24:15.8900076Z [36;1m  $outFile = Join-Path $env:RUNNER_TEMP "aai-smoke-pwsh7-$ArmName.out"[0m
docs/ai/tdd/test008-native-20261008T000204Z/native-windows.log:458: trailing whitespace.
+2026-10-08T00:24:15.8901096Z [36;1m  $errFile = Join-Path $env:RUNNER_TEMP "aai-smoke-pwsh7-$ArmName.err"[0m
docs/ai/tdd/test008-native-20261008T000204Z/native-windows.log:459: trailing whitespace.
+2026-10-08T00:24:15.8901637Z [36;1m  if (Test-Path $outFile) { Remove-Item $outFile -Force }[0m
docs/ai/tdd/test008-native-20261008T000204Z/native-windows.log:460: trailing whitespace.
+2026-10-08T00:24:15.8902119Z [36;1m  if (Test-Path $errFile) { Remove-Item $errFile -Force }[0m
docs/ai/tdd/test008-native-20261008T000204Z/native-windows.log:461: trailing whitespace.
+2026-10-08T00:24:15.8902776Z [36;1m  $commandText = New-SmokeCommandText -ScriptPath $scriptPath -WrapperArgs $WrapperArgs -ExtraEnv $ExtraEnv[0m
docs/ai/tdd/test008-native-20261008T000204Z/native-windows.log:462: trailing whitespace.
+2026-10-08T00:24:15.8903437Z [36;1m  $psArgs = @('-NoProfile', '-Command', $commandText)[0m
docs/ai/tdd/test008-native-20261008T000204Z/native-windows.log:463: trailing whitespace.
+2026-10-08T00:24:15.8906189Z [36;1m  $p = Start-Process -FilePath $engine -ArgumentList $psArgs -NoNewWindow -PassThru -Wait `[0m
docs/ai/tdd/test008-native-20261008T000204Z/native-windows.log:464: trailing whitespace.
+2026-10-08T00:24:15.8907008Z [36;1m        -RedirectStandardOutput $outFile -RedirectStandardError $errFile[0m
docs/ai/tdd/test008-native-20261008T000204Z/native-windows.log:465: trailing whitespace.
+2026-10-08T00:24:15.8907580Z [36;1m  $out = Get-Content $outFile -Raw -ErrorAction SilentlyContinue[0m
docs/ai/tdd/test008-native-20261008T000204Z/native-windows.log:466: trailing whitespace.
+2026-10-08T00:24:15.8908095Z [36;1m  $err = Get-Content $errFile -Raw -ErrorAction SilentlyContinue[0m
docs/ai/tdd/test008-native-20261008T000204Z/native-windows.log:467: trailing whitespace.
+2026-10-08T00:24:15.8908660Z [36;1m  $result = [pscustomobject]@{ Code = $p.ExitCode; Out = $out; Err = $err }[0m
docs/ai/tdd/test008-native-20261008T000204Z/native-windows.log:468: trailing whitespace.
+2026-10-08T00:24:15.8909160Z [36;1m  $branch = Get-SmokeDiagBranch -Err $result.Err[0m
docs/ai/tdd/test008-native-20261008T000204Z/native-windows.log:469: trailing whitespace.
+2026-10-08T00:24:15.8909728Z [36;1m  $out80 = if ($result.Out) { $result.Out.Substring(0, [Math]::Min(80, $result.Out.Length)) } else { '' }[0m
docs/ai/tdd/test008-native-20261008T000204Z/native-windows.log:470: trailing whitespace.
+2026-10-08T00:24:15.8910668Z [36;1m  $err80 = if ($result.Err) { $result.Err.Substring(0, [Math]::Min(80, $result.Err.Length)) } else { '' }[0m
docs/ai/tdd/test008-native-20261008T000204Z/native-windows.log:471: trailing whitespace.
+2026-10-08T00:24:15.8911312Z [36;1m  Write-Host "diag[$ArmName]: branch=$branch out80=[$out80] err80=[$err80]"[0m
docs/ai/tdd/test008-native-20261008T000204Z/native-windows.log:472: trailing whitespace.
+2026-10-08T00:24:15.8911761Z [36;1m  return $result[0m
docs/ai/tdd/test008-native-20261008T000204Z/native-windows.log:473: trailing whitespace.
+2026-10-08T00:24:15.8912035Z [36;1m}[0m
docs/ai/tdd/test008-native-20261008T000204Z/native-windows.log:474: trailing whitespace.
+2026-10-08T00:24:15.8912293Z [36;1m[0m
docs/ai/tdd/test008-native-20261008T000204Z/native-windows.log:475: trailing whitespace.
+2026-10-08T00:24:15.8912570Z [36;1mfunction Resolve-RealGitBashForSmoke {[0m
docs/ai/tdd/test008-native-20261008T000204Z/native-windows.log:476: trailing whitespace.
+2026-10-08T00:24:15.8912925Z [36;1m  $candidates = @()[0m
docs/ai/tdd/test008-native-20261008T000204Z/native-windows.log:477: trailing whitespace.
+2026-10-08T00:24:15.8913405Z [36;1m  if ($env:ProgramFiles) { $candidates += (Join-Path $env:ProgramFiles 'Git\bin\bash.exe') }[0m
docs/ai/tdd/test008-native-20261008T000204Z/native-windows.log:478: trailing whitespace.
+2026-10-08T00:24:15.8913933Z [36;1m  $pf86 = ${env:ProgramFiles(x86)}[0m
docs/ai/tdd/test008-native-20261008T000204Z/native-windows.log:479: trailing whitespace.
+2026-10-08T00:24:15.8914360Z [36;1m  if ($pf86) { $candidates += (Join-Path $pf86 'Git\bin\bash.exe') }[0m
docs/ai/tdd/test008-native-20261008T000204Z/native-windows.log:480: trailing whitespace.
+2026-10-08T00:24:15.8914885Z [36;1m  $gitCmd = Get-Command git.exe -ErrorAction SilentlyContinue[0m
docs/ai/tdd/test008-native-20261008T000204Z/native-windows.log:481: trailing whitespace.
+2026-10-08T00:24:15.8915302Z [36;1m  if ($gitCmd) {[0m
docs/ai/tdd/test008-native-20261008T000204Z/native-windows.log:482: trailing whitespace.
+2026-10-08T00:24:15.8915568Z [36;1m    try {[0m
docs/ai/tdd/test008-native-20261008T000204Z/native-windows.log:483: trailing whitespace.
+2026-10-08T00:24:15.8915897Z [36;1m      $execPath = & git.exe --exec-path 2>$null[0m
docs/ai/tdd/test008-native-20261008T000204Z/native-windows.log:484: trailing whitespace.
+2026-10-08T00:24:15.8916250Z [36;1m      if ($execPath) {[0m
docs/ai/tdd/test008-native-20261008T000204Z/native-windows.log:485: trailing whitespace.
+2026-10-08T00:24:15.8916721Z [36;1m        $gitRoot = Split-Path (Split-Path (Split-Path $execPath -Parent) -Parent) -Parent[0m
docs/ai/tdd/test008-native-20261008T000204Z/native-windows.log:486: trailing whitespace.
+2026-10-08T00:24:15.8917340Z [36;1m        if ($gitRoot) { $candidates += (Join-Path $gitRoot 'bin\bash.exe') }[0m
docs/ai/tdd/test008-native-20261008T000204Z/native-windows.log:487: trailing whitespace.
+2026-10-08T00:24:15.8917773Z [36;1m      }[0m
docs/ai/tdd/test008-native-20261008T000204Z/native-windows.log:488: trailing whitespace.
+2026-10-08T00:24:15.8918015Z [36;1m    } catch {}[0m
docs/ai/tdd/test008-native-20261008T000204Z/native-windows.log:489: trailing whitespace.
+2026-10-08T00:24:15.8918265Z [36;1m  }[0m
docs/ai/tdd/test008-native-20261008T000204Z/native-windows.log:490: trailing whitespace.
+2026-10-08T00:24:15.8918629Z [36;1m  $pathBash = Get-Command bash.exe -ErrorAction SilentlyContinue -All[0m
docs/ai/tdd/test008-native-20261008T000204Z/native-windows.log:491: trailing whitespace.
+2026-10-08T00:24:15.8919207Z [36;1m  if ($pathBash) { foreach ($b in $pathBash) { $candidates += $b.Source } }[0m
docs/ai/tdd/test008-native-20261008T000204Z/native-windows.log:492: trailing whitespace.
+2026-10-08T00:24:15.8919655Z [36;1m  foreach ($c in $candidates) {[0m
docs/ai/tdd/test008-native-20261008T000204Z/native-windows.log:493: trailing whitespace.
+2026-10-08T00:24:15.8919973Z [36;1m    if (-not $c) { continue }[0m
docs/ai/tdd/test008-native-20261008T000204Z/native-windows.log:494: trailing whitespace.
+2026-10-08T00:24:15.8920348Z [36;1m    if ($c -match '(?i)\\System32\\bash\.exe$') { continue }[0m
docs/ai/tdd/test008-native-20261008T000204Z/native-windows.log:495: trailing whitespace.
+2026-10-08T00:24:15.8921132Z [36;1m    if (Test-Path -LiteralPath $c -PathType Leaf) { return $c }[0m
docs/ai/tdd/test008-native-20261008T000204Z/native-windows.log:496: trailing whitespace.
+2026-10-08T00:24:15.8921623Z [36;1m  }[0m
docs/ai/tdd/test008-native-20261008T000204Z/native-windows.log:497: trailing whitespace.
+2026-10-08T00:24:15.8921867Z [36;1m  return $null[0m
docs/ai/tdd/test008-native-20261008T000204Z/native-windows.log:498: trailing whitespace.
+2026-10-08T00:24:15.8922130Z [36;1m}[0m
docs/ai/tdd/test008-native-20261008T000204Z/native-windows.log:499: trailing whitespace.
+2026-10-08T00:24:15.8922355Z [36;1m[0m
docs/ai/tdd/test008-native-20261008T000204Z/native-windows.log:500: trailing whitespace.
+2026-10-08T00:24:15.8922717Z [36;1mif (Test-Path $markerFile) { Remove-Item $markerFile -Force }[0m
docs/ai/tdd/test008-native-20261008T000204Z/native-windows.log:501: trailing whitespace.
+2026-10-08T00:24:15.8923471Z [36;1m$r1 = Invoke-WrapperSmokeArm -ArmName 'success' -WrapperArgs @('sh', $markerScript) -ExtraEnv @{ AAI_SMOKE_MARKER_FILE = $markerFile }[0m
docs/ai/tdd/test008-native-20261008T000204Z/native-windows.log:502: trailing whitespace.
+2026-10-08T00:24:15.8924244Z [36;1mWrite-Host "success: code=$($r1.Code) out=[$($r1.Out)] err=[$($r1.Err)]"[0m
docs/ai/tdd/test008-native-20261008T000204Z/native-windows.log:503: trailing whitespace.
+2026-10-08T00:24:15.8924849Z [36;1mif ($r1.Code -ne 3) { Write-Host "FAIL success: expected exit 3, got $($r1.Code)"; $fail++ }[0m
docs/ai/tdd/test008-native-20261008T000204Z/native-windows.log:504: trailing whitespace.
+2026-10-08T00:24:15.8925364Z [36;1mif (-not (Test-Path $markerFile)) {[0m
docs/ai/tdd/test008-native-20261008T000204Z/native-windows.log:505: trailing whitespace.
+2026-10-08T00:24:15.8925845Z [36;1m  Write-Host "FAIL success: marker file was not created: $markerFile"; $fail++[0m
docs/ai/tdd/test008-native-20261008T000204Z/native-windows.log:506: trailing whitespace.
+2026-10-08T00:24:15.8926666Z [36;1m} elseif ((Get-Content -LiteralPath $markerFile -Raw -ErrorAction SilentlyContinue) -notmatch 'AAI-WRAPPER-SMOKE-MARKER') {[0m
docs/ai/tdd/test008-native-20261008T000204Z/native-windows.log:507: trailing whitespace.
+2026-10-08T00:24:15.8928076Z [36;1m  Write-Host "FAIL success: marker file exists but lacks expected content"; $fail++[0m
docs/ai/tdd/test008-native-20261008T000204Z/native-windows.log:508: trailing whitespace.
+2026-10-08T00:24:15.8928613Z [36;1m}[0m
docs/ai/tdd/test008-native-20261008T000204Z/native-windows.log:509: trailing whitespace.
+2026-10-08T00:24:15.8929139Z [36;1mif ($r1.Err -match 'AAI-SPAWN-ERROR') { Write-Host "FAIL success: unexpected AAI-SPAWN-ERROR on stderr"; $fail++ }[0m
docs/ai/tdd/test008-native-20261008T000204Z/native-windows.log:510: trailing whitespace.
+2026-10-08T00:24:15.8929716Z [36;1m[0m
docs/ai/tdd/test008-native-20261008T000204Z/native-windows.log:511: trailing whitespace.
+2026-10-08T00:24:15.8930266Z [36;1m$r2 = Invoke-WrapperSmokeArm -ArmName 'timeout' -WrapperArgs @('sh', $hangScript) -ExtraEnv @{ AAI_TEST_TIMEOUT = '2' }[0m
docs/ai/tdd/test008-native-20261008T000204Z/native-windows.log:512: trailing whitespace.
+2026-10-08T00:24:15.8930954Z [36;1mWrite-Host "timeout: code=$($r2.Code) err=[$($r2.Err)]"[0m
docs/ai/tdd/test008-native-20261008T000204Z/native-windows.log:513: trailing whitespace.
+2026-10-08T00:24:15.8931555Z [36;1mif ($r2.Code -ne 124) { Write-Host "FAIL timeout: expected exit 124, got $($r2.Code)"; $fail++ }[0m
docs/ai/tdd/test008-native-20261008T000204Z/native-windows.log:514: trailing whitespace.
+2026-10-08T00:24:15.8933331Z [36;1mif ($r2.Err -match 'AAI-SPAWN-ERROR') { Write-Host "FAIL timeout: unexpected AAI-SPAWN-ERROR on stderr"; $fail++ }[0m
docs/ai/tdd/test008-native-20261008T000204Z/native-windows.log:515: trailing whitespace.
+2026-10-08T00:24:15.8934421Z [36;1m[0m
docs/ai/tdd/test008-native-20261008T000204Z/native-windows.log:516: trailing whitespace.
+2026-10-08T00:24:15.8934890Z [36;1m$realBash = Resolve-RealGitBashForSmoke[0m
docs/ai/tdd/test008-native-20261008T000204Z/native-windows.log:517: trailing whitespace.
+2026-10-08T00:24:15.8935517Z [36;1mif (-not $realBash) {[0m
docs/ai/tdd/test008-native-20261008T000204Z/native-windows.log:518: trailing whitespace.
+2026-10-08T00:24:15.8936294Z [36;1m  Write-Host "FAIL spawnfail: no real Git Bash resolved on this runner (cannot induce a real spawn failure)"[0m
docs/ai/tdd/test008-native-20261008T000204Z/native-windows.log:519: trailing whitespace.
+2026-10-08T00:24:15.8936869Z [36;1m  $fail++[0m
docs/ai/tdd/test008-native-20261008T000204Z/native-windows.log:520: trailing whitespace.
+2026-10-08T00:24:15.8937124Z [36;1m} else {[0m
docs/ai/tdd/test008-native-20261008T000204Z/native-windows.log:521: trailing whitespace.
+2026-10-08T00:24:15.8937462Z [36;1m  $backupPath = "$realBash.aai-smoke-backup"[0m
docs/ai/tdd/test008-native-20261008T000204Z/native-windows.log:522: trailing whitespace.
+2026-10-08T00:24:15.8937921Z [36;1m  Move-Item -Path $realBash -Destination $backupPath -Force[0m
docs/ai/tdd/test008-native-20261008T000204Z/native-windows.log:523: trailing whitespace.
+2026-10-08T00:24:15.8938688Z [36;1m  Set-Content -Path $realBash -Value "not a real executable (aai-run-tests.ps1 smoke: induced spawn failure)" -NoNewline -Encoding ascii[0m
docs/ai/tdd/test008-native-20261008T000204Z/native-windows.log:524: trailing whitespace.
+2026-10-08T00:24:15.8939347Z [36;1m  try {[0m
docs/ai/tdd/test008-native-20261008T000204Z/native-windows.log:525: trailing whitespace.
+2026-10-08T00:24:15.8939819Z [36;1m    $r3 = Invoke-WrapperSmokeArm -ArmName 'spawnfail' -WrapperArgs @('sh', $spawnfailScript)[0m
docs/ai/tdd/test008-native-20261008T000204Z/native-windows.log:526: trailing whitespace.
+2026-10-08T00:24:15.8940350Z [36;1m  } finally {[0m
docs/ai/tdd/test008-native-20261008T000204Z/native-windows.log:527: trailing whitespace.
+2026-10-08T00:24:15.8940745Z [36;1m    Remove-Item -Path $realBash -Force -ErrorAction SilentlyContinue[0m
docs/ai/tdd/test008-native-20261008T000204Z/native-windows.log:528: trailing whitespace.
+2026-10-08T00:24:15.8941720Z [36;1m    Move-Item -Path $backupPath -Destination $realBash -Force[0m
docs/ai/tdd/test008-native-20261008T000204Z/native-windows.log:529: trailing whitespace.
+2026-10-08T00:24:15.8942134Z [36;1m  }[0m
docs/ai/tdd/test008-native-20261008T000204Z/native-windows.log:530: trailing whitespace.
+2026-10-08T00:24:15.8942500Z [36;1m  Write-Host "spawnfail: code=$($r3.Code) out=[$($r3.Out)] err=[$($r3.Err)]"[0m
docs/ai/tdd/test008-native-20261008T000204Z/native-windows.log:531: trailing whitespace.
+2026-10-08T00:24:15.8943136Z [36;1m  if ($r3.Code -ne 125) { Write-Host "FAIL spawnfail: expected exit 125, got $($r3.Code)"; $fail++ }[0m
docs/ai/tdd/test008-native-20261008T000204Z/native-windows.log:532: trailing whitespace.
+2026-10-08T00:24:15.8943958Z [36;1m  if ($r3.Err -notmatch 'AAI-SPAWN-ERROR') { Write-Host "FAIL spawnfail: expected AAI-SPAWN-ERROR on stderr, got none"; $fail++ }[0m
docs/ai/tdd/test008-native-20261008T000204Z/native-windows.log:533: trailing whitespace.
+2026-10-08T00:24:15.8944923Z [36;1m  if ($r3.Out -match 'AAI-WRAPPER-SMOKE-MARKER') { Write-Host "FAIL spawnfail: marker must NOT appear (process never started)"; $fail++ }[0m
docs/ai/tdd/test008-native-20261008T000204Z/native-windows.log:534: trailing whitespace.
+2026-10-08T00:24:15.8946022Z [36;1m  if ($r3.Out -match 'SHOULD-NOT-RUN') { Write-Host "FAIL spawnfail: fixture RAN (SHOULD-NOT-RUN captured) - 125 did not come from a pre-spawn failure"; $fail++ }[0m
docs/ai/tdd/test008-native-20261008T000204Z/native-windows.log:535: trailing whitespace.
+2026-10-08T00:24:15.8946733Z [36;1m}[0m
docs/ai/tdd/test008-native-20261008T000204Z/native-windows.log:536: trailing whitespace.
+2026-10-08T00:24:15.8946958Z [36;1m[0m
docs/ai/tdd/test008-native-20261008T000204Z/native-windows.log:537: trailing whitespace.
+2026-10-08T00:24:15.8947399Z [36;1mif ($fail -gt 0) { Write-Error "real-wrapper smoke failed under pwsh 7 ($fail check(s))"; exit 1 }[0m
docs/ai/tdd/test008-native-20261008T000204Z/native-windows.log:538: trailing whitespace.
+2026-10-08T00:24:15.8948085Z [36;1mWrite-Host "REAL-WRAPPER SMOKE OK (pwsh 7): success/timeout/spawnfail all correct"[0m
docs/ai/tdd/test008-native-20261008T000204Z/native-windows.log:539: trailing whitespace.
+2026-10-08T00:24:15.9033923Z shell: C:\Program Files\PowerShell\7\pwsh.EXE -command ". '{0}'"
docs/ai/tdd/test008-native-20261008T000204Z/native-windows.log:540: trailing whitespace.
+2026-10-08T00:24:15.9034345Z env:
docs/ai/tdd/test008-native-20261008T000204Z/native-windows.log:541: trailing whitespace.
+2026-10-08T00:24:15.9034599Z   AAI_EXPECTED_WIN_SKIP_COUNT: 4
docs/ai/tdd/test008-native-20261008T000204Z/native-windows.log:542: trailing whitespace.
+2026-10-08T00:24:15.9034896Z ##[endgroup]
docs/ai/tdd/test008-native-20261008T000204Z/native-windows.log:543: trailing whitespace.
+2026-10-08T00:24:21.4733054Z diag[success]: branch=Git Bash out80=[AAI-WRAPPER-SMOKE-MARKER
docs/ai/tdd/test008-native-20261008T000204Z/native-windows.log:544: trailing whitespace.
+2026-10-08T00:24:21.4734003Z ] err80=[AAI-BRANCH: Git Bash | AAI-TIMEOUT: 3000s (source=default)
docs/ai/tdd/test008-native-20261008T000204Z/native-windows.log:545: trailing whitespace.
+2026-10-08T00:24:21.4734625Z AAI-DEGRADED-MODE: r]
docs/ai/tdd/test008-native-20261008T000204Z/native-windows.log:546: trailing whitespace.
+2026-10-08T00:24:21.4786778Z success: code=3 out=[AAI-WRAPPER-SMOKE-MARKER
docs/ai/tdd/test008-native-20261008T000204Z/native-windows.log:547: trailing whitespace.
+2026-10-08T00:24:21.4787734Z ] err=[AAI-BRANCH: Git Bash | AAI-TIMEOUT: 3000s (source=default)
docs/ai/tdd/test008-native-20261008T000204Z/native-windows.log:548: trailing whitespace.
+2026-10-08T00:24:21.4789760Z AAI-DEGRADED-MODE: running under Git-Bash/MSYS (MINGW64_NT-10.0-26100) - no POSIX process-group guarantee; using best-effort Windows tree-kill (taskkill //T) or plain kill; detached/reparented descendants are NOT guaranteed reaped (see docs/TECHNOLOGY.md platform matrix).
docs/ai/tdd/test008-native-20261008T000204Z/native-windows.log:549: trailing whitespace.
+2026-10-08T00:24:21.4791011Z ]
docs/ai/tdd/test008-native-20261008T000204Z/native-windows.log:550: trailing whitespace.
+2026-10-08T00:29:23.7916588Z diag[timeout]: branch=Git Bash out80=[] err80=[AAI-BRANCH: Git Bash | AAI-TIMEOUT: 2s (source=env)
docs/ai/tdd/test008-native-20261008T000204Z/native-windows.log:551: trailing whitespace.
+2026-10-08T00:29:23.7917513Z AAI-DEGRADED-MODE: running ]
docs/ai/tdd/test008-native-20261008T000204Z/native-windows.log:552: trailing whitespace.
+2026-10-08T00:29:23.7923192Z timeout: code=124 err=[AAI-BRANCH: Git Bash | AAI-TIMEOUT: 2s (source=env)
docs/ai/tdd/test008-native-20261008T000204Z/native-windows.log:553: trailing whitespace.
+2026-10-08T00:29:23.7925779Z AAI-DEGRADED-MODE: running under Git-Bash/MSYS (MINGW64_NT-10.0-26100) - no POSIX process-group guarantee; using best-effort Windows tree-kill (taskkill //T) or plain kill; detached/reparented descendants are NOT guaranteed reaped (see docs/TECHNOLOGY.md platform matrix).
docs/ai/tdd/test008-native-20261008T000204Z/native-windows.log:554: trailing whitespace.
+2026-10-08T00:29:23.7928097Z aai-run-tests: TIMED OUT after 2s with no progress -- raise the ceiling with AAI_TEST_TIMEOUT=<seconds>
docs/ai/tdd/test008-native-20261008T000204Z/native-windows.log:555: trailing whitespace.
+2026-10-08T00:29:23.7929015Z ]
docs/ai/tdd/test008-native-20261008T000204Z/native-windows.log:556: trailing whitespace.
+2026-10-08T00:29:24.7079007Z diag[spawnfail]: branch=Git Bash out80=[] err80=[AAI-BRANCH: Git Bash | AAI-TIMEOUT: 3000s (source=default)
docs/ai/tdd/test008-native-20261008T000204Z/native-windows.log:557: trailing whitespace.
+2026-10-08T00:29:24.7080176Z AAI-SPAWN-ERROR: [Gi]
docs/ai/tdd/test008-native-20261008T000204Z/native-windows.log:558: trailing whitespace.
+2026-10-08T00:29:24.7126837Z spawnfail: code=125 out=[] err=[AAI-BRANCH: Git Bash | AAI-TIMEOUT: 3000s (source=default)
docs/ai/tdd/test008-native-20261008T000204Z/native-windows.log:559: trailing whitespace.
+2026-10-08T00:29:24.7128219Z AAI-SPAWN-ERROR: [Git Bash] This command cannot be run due to the error: This version of %1 is not compatible with the version of Windows you're running. Check your computer's system information and then contact the software publisher.
docs/ai/tdd/test008-native-20261008T000204Z/native-windows.log:560: trailing whitespace.
+2026-10-08T00:29:24.7129240Z ]
docs/ai/tdd/test008-native-20261008T000204Z/native-windows.log:561: trailing whitespace.
+2026-10-08T00:29:24.7138268Z REAL-WRAPPER SMOKE OK (pwsh 7): success/timeout/spawnfail all correct
docs/ai/tdd/test008-native-20261008T000204Z/native-windows.log:562: trailing whitespace.
+2026-10-08T00:29:24.7528460Z ##[group]Run $ErrorActionPreference = "Stop"
docs/ai/tdd/test008-native-20261008T000204Z/native-windows.log:563: trailing whitespace.
+2026-10-08T00:29:24.7529650Z [36;1m$ErrorActionPreference = "Stop"[0m
docs/ai/tdd/test008-native-20261008T000204Z/native-windows.log:564: trailing whitespace.
+2026-10-08T00:29:24.7530549Z [36;1m# Control direction 1: pwsh IS resolvable in the undoctored parent.[0m
docs/ai/tdd/test008-native-20261008T000204Z/native-windows.log:565: trailing whitespace.
+2026-10-08T00:29:24.7531300Z [36;1m$pwshCmds = @(Get-Command pwsh.exe -ErrorAction SilentlyContinue -All)[0m
docs/ai/tdd/test008-native-20261008T000204Z/native-windows.log:566: trailing whitespace.
+2026-10-08T00:29:24.7531790Z [36;1mif ($pwshCmds.Count -eq 0) {[0m
docs/ai/tdd/test008-native-20261008T000204Z/native-windows.log:567: trailing whitespace.
+2026-10-08T00:29:24.7532537Z [36;1m  Write-Error "CONTROL FAIL: pwsh is not resolvable in the undoctored parent -- the child-side hiding check below would be vacuous"; exit 1[0m
docs/ai/tdd/test008-native-20261008T000204Z/native-windows.log:568: trailing whitespace.
+2026-10-08T00:29:24.7533221Z [36;1m}[0m
docs/ai/tdd/test008-native-20261008T000204Z/native-windows.log:569: trailing whitespace.
+2026-10-08T00:29:24.7533730Z [36;1mWrite-Host "CONTROL OK: pwsh resolvable in the undoctored parent: $($pwshCmds[0].Source)"[0m
docs/ai/tdd/test008-native-20261008T000204Z/native-windows.log:570: trailing whitespace.
+2026-10-08T00:29:24.7534366Z [36;1m# Reduced PATH: the current PATH minus every directory in which[0m
docs/ai/tdd/test008-native-20261008T000204Z/native-windows.log:571: trailing whitespace.
+2026-10-08T00:29:24.7534976Z [36;1m# pwsh.exe exists (surgical — node, git and the wrapper's Git Bash[0m
docs/ai/tdd/test008-native-20261008T000204Z/native-windows.log:572: trailing whitespace.
+2026-10-08T00:29:24.7535600Z [36;1m# resolution all survive the filter).[0m
docs/ai/tdd/test008-native-20261008T000204Z/native-windows.log:573: trailing whitespace.
+2026-10-08T00:29:24.7554315Z [36;1m$keep = @()[0m
docs/ai/tdd/test008-native-20261008T000204Z/native-windows.log:574: trailing whitespace.
+2026-10-08T00:29:24.7554683Z [36;1mforeach ($d in ($env:Path -split ';')) {[0m
docs/ai/tdd/test008-native-20261008T000204Z/native-windows.log:575: trailing whitespace.
+2026-10-08T00:29:24.7555075Z [36;1m  if (-not $d) { continue }[0m
docs/ai/tdd/test008-native-20261008T000204Z/native-windows.log:576: trailing whitespace.
+2026-10-08T00:29:24.7555392Z [36;1m  $probe = $null[0m
docs/ai/tdd/test008-native-20261008T000204Z/native-windows.log:577: trailing whitespace.
+2026-10-08T00:29:24.7555808Z [36;1m  try { $probe = Join-Path $d 'pwsh.exe' } catch { $keep += $d; continue }[0m
docs/ai/tdd/test008-native-20261008T000204Z/native-windows.log:578: trailing whitespace.
+2026-10-08T00:29:24.7556485Z [36;1m  if (Test-Path -LiteralPath $probe -PathType Leaf) { Write-Host "PATH filter drops: $d"; continue }[0m
docs/ai/tdd/test008-native-20261008T000204Z/native-windows.log:579: trailing whitespace.
+2026-10-08T00:29:24.7557031Z [36;1m  $keep += $d[0m
docs/ai/tdd/test008-native-20261008T000204Z/native-windows.log:580: trailing whitespace.
+2026-10-08T00:29:24.7557323Z [36;1m}[0m
docs/ai/tdd/test008-native-20261008T000204Z/native-windows.log:581: trailing whitespace.
+2026-10-08T00:29:24.7557583Z [36;1m$reducedPath = ($keep -join ';')[0m
docs/ai/tdd/test008-native-20261008T000204Z/native-windows.log:582: trailing whitespace.
+2026-10-08T00:29:24.7557938Z [36;1m$repoRoot = (Get-Location).Path[0m
docs/ai/tdd/test008-native-20261008T000204Z/native-windows.log:583: trailing whitespace.
+2026-10-08T00:29:24.7558378Z [36;1m$doctorJson = Join-Path $env:RUNNER_TEMP 'aai-51only-doctor.json'[0m
docs/ai/tdd/test008-native-20261008T000204Z/native-windows.log:584: trailing whitespace.
+2026-10-08T00:29:24.7559167Z [36;1m$innerPath = Join-Path $env:RUNNER_TEMP 'aai-51only-inner.ps1'[0m
docs/ai/tdd/test008-native-20261008T000204Z/native-windows.log:585: trailing whitespace.
+2026-10-08T00:29:24.7559623Z [36;1m$inner = @'[0m
docs/ai/tdd/test008-native-20261008T000204Z/native-windows.log:586: trailing whitespace.
+2026-10-08T00:29:24.7559903Z [36;1m$ErrorActionPreference = 'Stop'[0m
docs/ai/tdd/test008-native-20261008T000204Z/native-windows.log:587: trailing whitespace.
+2026-10-08T00:29:24.7560238Z [36;1m$env:Path = '__REDUCED_PATH__'[0m
docs/ai/tdd/test008-native-20261008T000204Z/native-windows.log:588: trailing whitespace.
+2026-10-08T00:29:24.7560559Z [36;1m$env:PATH = '__REDUCED_PATH__'[0m
docs/ai/tdd/test008-native-20261008T000204Z/native-windows.log:589: trailing whitespace.
+2026-10-08T00:29:24.7561050Z [36;1m# Control direction 2: pwsh must resolve to NOTHING here — a[0m
docs/ai/tdd/test008-native-20261008T000204Z/native-windows.log:590: trailing whitespace.
+2026-10-08T00:29:24.7561778Z [36;1m# distinct loud exit code if the hiding silently stopped working.[0m
docs/ai/tdd/test008-native-20261008T000204Z/native-windows.log:591: trailing whitespace.
+2026-10-08T00:29:24.7562287Z [36;1m$still = Get-Command pwsh -ErrorAction SilentlyContinue[0m
docs/ai/tdd/test008-native-20261008T000204Z/native-windows.log:592: trailing whitespace.
+2026-10-08T00:29:24.7562940Z [36;1mif ($still) { Write-Host "CONTROL FAIL: pwsh still resolves in the doctored child: $($still.Source)"; exit 97 }[0m
docs/ai/tdd/test008-native-20261008T000204Z/native-windows.log:593: trailing whitespace.
+2026-10-08T00:29:24.7563622Z [36;1mWrite-Host "CONTROL OK: pwsh is not resolvable in the doctored child"[0m
docs/ai/tdd/test008-native-20261008T000204Z/native-windows.log:594: trailing whitespace.
+2026-10-08T00:29:24.7564069Z [36;1mSet-Location '__REPO_ROOT__'[0m
docs/ai/tdd/test008-native-20261008T000204Z/native-windows.log:595: trailing whitespace.
+2026-10-08T00:29:24.7564505Z [36;1m. (Join-Path '__REPO_ROOT__' '.aai\scripts\aai-win-selftest.ps1')[0m
docs/ai/tdd/test008-native-20261008T000204Z/native-windows.log:596: trailing whitespace.
+2026-10-08T00:29:24.7565257Z [36;1m$engine = Resolve-SelfTestEngine[0m
docs/ai/tdd/test008-native-20261008T000204Z/native-windows.log:597: trailing whitespace.
+2026-10-08T00:29:24.7565908Z [36;1mif ($engine -ne 'powershell') { Write-Host "FAIL: Resolve-SelfTestEngine returned [$engine], expected powershell"; exit 98 }[0m
docs/ai/tdd/test008-native-20261008T000204Z/native-windows.log:598: trailing whitespace.
+2026-10-08T00:29:24.7566730Z [36;1mWrite-Host "Resolve-SelfTestEngine -> powershell (5.1-only fallback taken for real)"[0m
docs/ai/tdd/test008-native-20261008T000204Z/native-windows.log:599: trailing whitespace.
+2026-10-08T00:29:24.7567389Z [36;1m$jsonText = (& node .aai\scripts\aai-doctor.mjs --json) -join [Environment]::NewLine[0m
docs/ai/tdd/test008-native-20261008T000204Z/native-windows.log:600: trailing whitespace.
+2026-10-08T00:29:24.7567997Z [36;1mWrite-Host "doctor exit code inside the doctored child: $LASTEXITCODE"[0m
docs/ai/tdd/test008-native-20261008T000204Z/native-windows.log:601: trailing whitespace.
+2026-10-08T00:29:24.7568541Z [36;1mSet-Content -LiteralPath '__DOCTOR_JSON__' -Value $jsonText[0m
docs/ai/tdd/test008-native-20261008T000204Z/native-windows.log:602: trailing whitespace.
+2026-10-08T00:29:24.7568969Z [36;1mexit 0[0m
docs/ai/tdd/test008-native-20261008T000204Z/native-windows.log:603: trailing whitespace.
+2026-10-08T00:29:24.7569207Z [36;1m'@[0m
docs/ai/tdd/test008-native-20261008T000204Z/native-windows.log:604: trailing whitespace.
+2026-10-08T00:29:24.7569587Z [36;1m$inner = $inner.Replace('__REDUCED_PATH__', ($reducedPath -replace "'", "''"))[0m
docs/ai/tdd/test008-native-20261008T000204Z/native-windows.log:605: trailing whitespace.
+2026-10-08T00:29:24.7571806Z [36;1m$inner = $inner.Replace('__REPO_ROOT__', ($repoRoot -replace "'", "''"))[0m
docs/ai/tdd/test008-native-20261008T000204Z/native-windows.log:606: trailing whitespace.
+2026-10-08T00:29:24.7572500Z [36;1m$inner = $inner.Replace('__DOCTOR_JSON__', ($doctorJson -replace "'", "''"))[0m
docs/ai/tdd/test008-native-20261008T000204Z/native-windows.log:607: trailing whitespace.
+2026-10-08T00:29:24.7573039Z [36;1mSet-Content -LiteralPath $innerPath -Value $inner[0m
docs/ai/tdd/test008-native-20261008T000204Z/native-windows.log:608: trailing whitespace.
+2026-10-08T00:29:24.7573495Z [36;1m$outFile = Join-Path $env:RUNNER_TEMP 'aai-51only.out'[0m
docs/ai/tdd/test008-native-20261008T000204Z/native-windows.log:609: trailing whitespace.
+2026-10-08T00:29:24.7573947Z [36;1m$errFile = Join-Path $env:RUNNER_TEMP 'aai-51only.err'[0m
docs/ai/tdd/test008-native-20261008T000204Z/native-windows.log:610: trailing whitespace.
+2026-10-08T00:29:24.7574456Z [36;1m# OS-handle stream capture on a REAL child; pre-quoted argument[0m
docs/ai/tdd/test008-native-20261008T000204Z/native-windows.log:611: trailing whitespace.
+2026-10-08T00:29:24.7574966Z [36;1m# string (Start-Process silently space-joins array elements);[0m
docs/ai/tdd/test008-native-20261008T000204Z/native-windows.log:612: trailing whitespace.
+2026-10-08T00:29:24.7575481Z [36;1m# .Handle touched immediately (the 5.1 ExitCode-null footgun).[0m
docs/ai/tdd/test008-native-20261008T000204Z/native-windows.log:613: trailing whitespace.
+2026-10-08T00:29:24.7575971Z [36;1m$argString = '"-NoProfile" "-File" "' + $innerPath + '"'[0m
docs/ai/tdd/test008-native-20261008T000204Z/native-windows.log:614: trailing whitespace.
+2026-10-08T00:29:24.7577254Z [36;1m$p = Start-Process -FilePath powershell.exe -ArgumentList $argString -NoNewWindow -PassThru `[0m
docs/ai/tdd/test008-native-20261008T000204Z/native-windows.log:615: trailing whitespace.
+2026-10-08T00:29:24.7578336Z [36;1m      -RedirectStandardOutput $outFile -RedirectStandardError $errFile[0m
docs/ai/tdd/test008-native-20261008T000204Z/native-windows.log:616: trailing whitespace.
+2026-10-08T00:29:24.7578983Z [36;1m$null = $p.Handle[0m
docs/ai/tdd/test008-native-20261008T000204Z/native-windows.log:617: trailing whitespace.
+2026-10-08T00:29:24.7579343Z [36;1m$p.WaitForExit()[0m
docs/ai/tdd/test008-native-20261008T000204Z/native-windows.log:618: trailing whitespace.
+2026-10-08T00:29:24.7579859Z [36;1mGet-Content $outFile -ErrorAction SilentlyContinue | ForEach-Object { Write-Host "child| $_" }[0m
docs/ai/tdd/test008-native-20261008T000204Z/native-windows.log:619: trailing whitespace.
+2026-10-08T00:29:24.7580644Z [36;1mGet-Content $errFile -ErrorAction SilentlyContinue | ForEach-Object { Write-Host "child-err| $_" }[0m
docs/ai/tdd/test008-native-20261008T000204Z/native-windows.log:620: trailing whitespace.
+2026-10-08T00:29:24.7581634Z [36;1mif ($p.ExitCode -eq 97) { Write-Error "CONTROL FAIL: pwsh was still resolvable inside the doctored child (exit 97) -- the hiding silently stopped working"; exit 1 }[0m
docs/ai/tdd/test008-native-20261008T000204Z/native-windows.log:621: trailing whitespace.
+2026-10-08T00:29:24.7582718Z [36;1mif ($p.ExitCode -eq 98) { Write-Error "FAIL: Resolve-SelfTestEngine did not return powershell in the doctored child (exit 98)"; exit 1 }[0m
docs/ai/tdd/test008-native-20261008T000204Z/native-windows.log:622: trailing whitespace.
+2026-10-08T00:29:24.7583602Z [36;1mif ($p.ExitCode -ne 0) { Write-Error "doctored child failed with exit $($p.ExitCode)"; exit 1 }[0m
docs/ai/tdd/test008-native-20261008T000204Z/native-windows.log:623: trailing whitespace.
+2026-10-08T00:29:24.7584209Z [36;1m# The doctor ran INSIDE the doctored context; assert its CAT-14[0m
docs/ai/tdd/test008-native-20261008T000204Z/native-windows.log:624: trailing whitespace.
+2026-10-08T00:29:24.7584717Z [36;1m# arms here from the JSON it wrote (parsing location is irrelevant[0m
docs/ai/tdd/test008-native-20261008T000204Z/native-windows.log:625: trailing whitespace.
+2026-10-08T00:29:24.7585139Z [36;1m# to what the run proved).[0m
docs/ai/tdd/test008-native-20261008T000204Z/native-windows.log:626: trailing whitespace.
+2026-10-08T00:29:24.7585549Z [36;1m$doc = Get-Content -LiteralPath $doctorJson -Raw | ConvertFrom-Json[0m
docs/ai/tdd/test008-native-20261008T000204Z/native-windows.log:627: trailing whitespace.
+2026-10-08T00:29:24.7586141Z [36;1m$cat14 = $doc.categories | Where-Object { $_.id -eq 'CAT-14' } | Select-Object -First 1[0m
docs/ai/tdd/test008-native-20261008T000204Z/native-windows.log:628: trailing whitespace.
+2026-10-08T00:29:24.7586618Z [36;1m$fail = 0[0m
docs/ai/tdd/test008-native-20261008T000204Z/native-windows.log:629: trailing whitespace.
+2026-10-08T00:29:24.7587127Z [36;1mif (-not $cat14) { Write-Host "FAIL: no CAT-14 category in the doctored-context doctor output"; $fail++ }[0m
docs/ai/tdd/test008-native-20261008T000204Z/native-windows.log:630: trailing whitespace.
+2026-10-08T00:29:24.7587663Z [36;1m$arms = @()[0m
docs/ai/tdd/test008-native-20261008T000204Z/native-windows.log:631: trailing whitespace.
+2026-10-08T00:29:24.7588092Z [36;1mif ($cat14 -and $cat14.detail -and $cat14.detail.arms) { $arms = @($cat14.detail.arms) }[0m
docs/ai/tdd/test008-native-20261008T000204Z/native-windows.log:632: trailing whitespace.
+2026-10-08T00:29:24.7589173Z [36;1mif ($arms.Count -ne 3) { Write-Host "FAIL: expected 3 CAT-14 arms from the doctored-context run, got $($arms.Count)"; $fail++ }[0m
docs/ai/tdd/test008-native-20261008T000204Z/native-windows.log:633: trailing whitespace.
+2026-10-08T00:29:24.7589816Z [36;1mforeach ($a in $arms) {[0m
docs/ai/tdd/test008-native-20261008T000204Z/native-windows.log:634: trailing whitespace.
+2026-10-08T00:29:24.7590602Z [36;1m  if ($a.status -ne 'PASS') { Write-Host "FAIL: CAT-14 arm $($a.name) is $($a.status) (exit $($a.exitCode)) under powershell.exe"; $fail++ }[0m
docs/ai/tdd/test008-native-20261008T000204Z/native-windows.log:635: trailing whitespace.
+2026-10-08T00:29:24.7591422Z [36;1m  else { Write-Host "CAT-14 arm $($a.name): PASS (exit $($a.exitCode)) under powershell.exe"; }[0m
docs/ai/tdd/test008-native-20261008T000204Z/native-windows.log:636: trailing whitespace.
+2026-10-08T00:29:24.7591900Z [36;1m}[0m
docs/ai/tdd/test008-native-20261008T000204Z/native-windows.log:637: trailing whitespace.
+2026-10-08T00:29:24.7592348Z [36;1mif ($fail -gt 0) { Write-Error "5.1-only doctored-child proof failed ($fail check(s))"; exit 1 }[0m
docs/ai/tdd/test008-native-20261008T000204Z/native-windows.log:638: trailing whitespace.
+2026-10-08T00:29:24.7593267Z [36;1mWrite-Host "5.1-ONLY FALLBACK OK: pwsh hidden in the child, Resolve-SelfTestEngine -> powershell, all three CAT-14 arms PASS under powershell.exe"[0m
docs/ai/tdd/test008-native-20261008T000204Z/native-windows.log:639: trailing whitespace.
+2026-10-08T00:29:24.7668885Z shell: C:\Windows\System32\WindowsPowerShell\v1.0\powershell.EXE -command ". '{0}'"
docs/ai/tdd/test008-native-20261008T000204Z/native-windows.log:640: trailing whitespace.
+2026-10-08T00:29:24.7669397Z env:
docs/ai/tdd/test008-native-20261008T000204Z/native-windows.log:641: trailing whitespace.
+2026-10-08T00:29:24.7669644Z   AAI_EXPECTED_WIN_SKIP_COUNT: 4
docs/ai/tdd/test008-native-20261008T000204Z/native-windows.log:642: trailing whitespace.
+2026-10-08T00:29:24.7669940Z ##[endgroup]
docs/ai/tdd/test008-native-20261008T000204Z/native-windows.log:643: trailing whitespace.
+2026-10-08T00:29:25.1537717Z CONTROL OK: pwsh resolvable in the undoctored parent: C:\Program Files\PowerShell\7\pwsh.exe
docs/ai/tdd/test008-native-20261008T000204Z/native-windows.log:644: trailing whitespace.
+2026-10-08T00:29:25.2456675Z PATH filter drops: C:\Program Files\PowerShell\7\
docs/ai/tdd/test008-native-20261008T000204Z/native-windows.log:645: trailing whitespace.
+2026-10-08T00:29:43.5678304Z child| CONTROL OK: pwsh is not resolvable in the doctored child
docs/ai/tdd/test008-native-20261008T000204Z/native-windows.log:646: trailing whitespace.
+2026-10-08T00:29:43.5687864Z child| Resolve-SelfTestEngine -> powershell (5.1-only fallback taken for real)
docs/ai/tdd/test008-native-20261008T000204Z/native-windows.log:647: trailing whitespace.
+2026-10-08T00:29:43.5697137Z child| doctor exit code inside the doctored child: 0
docs/ai/tdd/test008-native-20261008T000204Z/native-windows.log:648: trailing whitespace.
+2026-10-08T00:29:43.7300546Z CAT-14 arm success: PASS (exit 3) under powershell.exe
docs/ai/tdd/test008-native-20261008T000204Z/native-windows.log:649: trailing whitespace.
+2026-10-08T00:29:43.7309925Z CAT-14 arm timeout: PASS (exit 124) under powershell.exe
docs/ai/tdd/test008-native-20261008T000204Z/native-windows.log:650: trailing whitespace.
+2026-10-08T00:29:43.7318509Z CAT-14 arm spawnfail: PASS (exit 125) under powershell.exe
docs/ai/tdd/test008-native-20261008T000204Z/native-windows.log:651: trailing whitespace.
+2026-10-08T00:29:43.7333438Z 5.1-ONLY FALLBACK OK: pwsh hidden in the child, Resolve-SelfTestEngine -> powershell, all three CAT-14 arms PASS under powershell.exe
docs/ai/tdd/test008-native-20261008T000204Z/native-windows.log:652: trailing whitespace.
+2026-10-08T00:29:43.7778214Z ##[group]Run actions/cache@v4
docs/ai/tdd/test008-native-20261008T000204Z/native-windows.log:653: trailing whitespace.
+2026-10-08T00:29:43.7778729Z with:
docs/ai/tdd/test008-native-20261008T000204Z/native-windows.log:656: trailing whitespace.
+
docs/ai/tdd/test008-native-20261008T000204Z/native-windows.log:657: trailing whitespace.
+2026-10-08T00:29:43.7779659Z   key: ps-modules-Windows-pester5-win-v1
docs/ai/tdd/test008-native-20261008T000204Z/native-windows.log:658: trailing whitespace.
+2026-10-08T00:29:43.7780011Z   enableCrossOsArchive: false
docs/ai/tdd/test008-native-20261008T000204Z/native-windows.log:659: trailing whitespace.
+2026-10-08T00:29:43.7780318Z   fail-on-cache-miss: false
docs/ai/tdd/test008-native-20261008T000204Z/native-windows.log:660: trailing whitespace.
+2026-10-08T00:29:43.7780614Z   lookup-only: false
docs/ai/tdd/test008-native-20261008T000204Z/native-windows.log:661: trailing whitespace.
+2026-10-08T00:29:43.7780870Z   save-always: false
docs/ai/tdd/test008-native-20261008T000204Z/native-windows.log:662: trailing whitespace.
+2026-10-08T00:29:43.7781109Z env:
docs/ai/tdd/test008-native-20261008T000204Z/native-windows.log:663: trailing whitespace.
+2026-10-08T00:29:43.7781340Z   AAI_EXPECTED_WIN_SKIP_COUNT: 4
docs/ai/tdd/test008-native-20261008T000204Z/native-windows.log:664: trailing whitespace.
+2026-10-08T00:29:43.7781624Z ##[endgroup]
docs/ai/tdd/test008-native-20261008T000204Z/native-windows.log:665: trailing whitespace.
+2026-10-08T00:29:43.9098552Z (node:8560) [DEP0040] DeprecationWarning: The `punycode` module is deprecated. Please use a userland alternative instead.
docs/ai/tdd/test008-native-20261008T000204Z/native-windows.log:666: trailing whitespace.
+2026-10-08T00:29:43.9099370Z (Use `node --trace-deprecation ...` to show where the warning was created)
docs/ai/tdd/test008-native-20261008T000204Z/native-windows.log:667: trailing whitespace.
+2026-10-08T00:29:44.3282343Z Cache not found for input keys: ps-modules-Windows-pester5-win-v1
docs/ai/tdd/test008-native-20261008T000204Z/native-windows.log:668: trailing whitespace.
+2026-10-08T00:29:44.3541028Z ##[group]Run $ErrorActionPreference = "Stop"
docs/ai/tdd/test008-native-20261008T000204Z/native-windows.log:669: trailing whitespace.
+2026-10-08T00:29:44.3541438Z [36;1m$ErrorActionPreference = "Stop"[0m
docs/ai/tdd/test008-native-20261008T000204Z/native-windows.log:670: trailing whitespace.
+2026-10-08T00:29:44.3541994Z [36;1m$existing = Get-Module Pester -ListAvailable | Where-Object { $_.Version.Major -ge 5 } | Select-Object -First 1[0m
docs/ai/tdd/test008-native-20261008T000204Z/native-windows.log:671: trailing whitespace.
+2026-10-08T00:29:44.3542544Z [36;1mif (-not $existing) {[0m
docs/ai/tdd/test008-native-20261008T000204Z/native-windows.log:672: trailing whitespace.
+2026-10-08T00:29:44.3543129Z [36;1m  [Net.ServicePointManager]::SecurityProtocol = [Net.ServicePointManager]::SecurityProtocol -bor [Net.SecurityProtocolType]::Tls12[0m
docs/ai/tdd/test008-native-20261008T000204Z/native-windows.log:673: trailing whitespace.
+2026-10-08T00:29:44.3543879Z [36;1m  if (-not (Get-PackageProvider -Name NuGet -ErrorAction SilentlyContinue)) {[0m
docs/ai/tdd/test008-native-20261008T000204Z/native-windows.log:674: trailing whitespace.
+2026-10-08T00:29:44.3544523Z [36;1m    Install-PackageProvider -Name NuGet -MinimumVersion 2.8.5.201 -Force -Scope CurrentUser | Out-Null[0m
docs/ai/tdd/test008-native-20261008T000204Z/native-windows.log:675: trailing whitespace.
+2026-10-08T00:29:44.3545011Z [36;1m  }[0m
docs/ai/tdd/test008-native-20261008T000204Z/native-windows.log:676: trailing whitespace.
+2026-10-08T00:29:44.3545406Z [36;1m  Install-Module Pester -Scope CurrentUser -Force -SkipPublisherCheck -MinimumVersion 5.0[0m
docs/ai/tdd/test008-native-20261008T000204Z/native-windows.log:677: trailing whitespace.
+2026-10-08T00:29:44.3545874Z [36;1m}[0m
docs/ai/tdd/test008-native-20261008T000204Z/native-windows.log:678: trailing whitespace.
+2026-10-08T00:29:44.3546461Z [36;1mImport-Module Pester -MinimumVersion 5.0[0m
docs/ai/tdd/test008-native-20261008T000204Z/native-windows.log:679: trailing whitespace.
+2026-10-08T00:29:44.3546966Z [36;1m$ver = (Get-Module Pester | Sort-Object Version -Descending | Select-Object -First 1).Version[0m
docs/ai/tdd/test008-native-20261008T000204Z/native-windows.log:680: trailing whitespace.
+2026-10-08T00:29:44.3547986Z [36;1mif ($ver.Major -lt 5) { Write-Error "Pester major version $ver < 5 under Windows PowerShell 5.1 (5.1's built-in 3.4.0 silent-bind trap)"; exit 1 }[0m
docs/ai/tdd/test008-native-20261008T000204Z/native-windows.log:681: trailing whitespace.
+2026-10-08T00:29:44.3548693Z [36;1mWrite-Host "Pester $ver ready under Windows PowerShell 5.1"[0m
docs/ai/tdd/test008-native-20261008T000204Z/native-windows.log:682: trailing whitespace.
+2026-10-08T00:29:44.3616270Z shell: C:\Windows\System32\WindowsPowerShell\v1.0\powershell.EXE -command ". '{0}'"
docs/ai/tdd/test008-native-20261008T000204Z/native-windows.log:683: trailing whitespace.
+2026-10-08T00:29:44.3616684Z env:
docs/ai/tdd/test008-native-20261008T000204Z/native-windows.log:684: trailing whitespace.
+2026-10-08T00:29:44.3616858Z   AAI_EXPECTED_WIN_SKIP_COUNT: 4
docs/ai/tdd/test008-native-20261008T000204Z/native-windows.log:685: trailing whitespace.
+2026-10-08T00:29:44.3617081Z ##[endgroup]
docs/ai/tdd/test008-native-20261008T000204Z/native-windows.log:686: trailing whitespace.
+2026-10-08T00:29:47.6471218Z Pester 5.9.0 ready under Windows PowerShell 5.1
docs/ai/tdd/test008-native-20261008T000204Z/native-windows.log:687: trailing whitespace.
+2026-10-08T00:29:47.6858582Z ##[group]Run $ErrorActionPreference = "Stop"
docs/ai/tdd/test008-native-20261008T000204Z/native-windows.log:688: trailing whitespace.
+2026-10-08T00:29:47.6859318Z [36;1m$ErrorActionPreference = "Stop"[0m
docs/ai/tdd/test008-native-20261008T000204Z/native-windows.log:689: trailing whitespace.
+2026-10-08T00:29:47.6860419Z [36;1m$existing = Get-Module Pester -ListAvailable | Where-Object { $_.Version.Major -ge 5 } | Select-Object -First 1[0m
docs/ai/tdd/test008-native-20261008T000204Z/native-windows.log:690: trailing whitespace.
+2026-10-08T00:29:47.6861482Z [36;1mif (-not $existing) {[0m
docs/ai/tdd/test008-native-20261008T000204Z/native-windows.log:691: trailing whitespace.
+2026-10-08T00:29:47.6862429Z [36;1m  Install-Module Pester -Scope CurrentUser -Force -SkipPublisherCheck -MinimumVersion 5.0[0m
docs/ai/tdd/test008-native-20261008T000204Z/native-windows.log:692: trailing whitespace.
+2026-10-08T00:29:47.6863451Z [36;1m}[0m
docs/ai/tdd/test008-native-20261008T000204Z/native-windows.log:693: trailing whitespace.
+2026-10-08T00:29:47.6864008Z [36;1mImport-Module Pester -MinimumVersion 5.0[0m
docs/ai/tdd/test008-native-20261008T000204Z/native-windows.log:694: trailing whitespace.
+2026-10-08T00:29:47.6865073Z [36;1m$ver = (Get-Module Pester | Sort-Object Version -Descending | Select-Object -First 1).Version[0m
docs/ai/tdd/test008-native-20261008T000204Z/native-windows.log:695: trailing whitespace.
+2026-10-08T00:29:47.6866399Z [36;1mif ($ver.Major -lt 5) { Write-Error "Pester major version $ver < 5 under pwsh 7"; exit 1 }[0m
docs/ai/tdd/test008-native-20261008T000204Z/native-windows.log:696: trailing whitespace.
+2026-10-08T00:29:47.6867424Z [36;1mWrite-Host "Pester $ver ready under pwsh 7"[0m
docs/ai/tdd/test008-native-20261008T000204Z/native-windows.log:697: trailing whitespace.
+2026-10-08T00:29:47.6948519Z shell: C:\Program Files\PowerShell\7\pwsh.EXE -command ". '{0}'"
docs/ai/tdd/test008-native-20261008T000204Z/native-windows.log:698: trailing whitespace.
+2026-10-08T00:29:47.6948932Z env:
docs/ai/tdd/test008-native-20261008T000204Z/native-windows.log:699: trailing whitespace.
+2026-10-08T00:29:47.6949180Z   AAI_EXPECTED_WIN_SKIP_COUNT: 4
docs/ai/tdd/test008-native-20261008T000204Z/native-windows.log:700: trailing whitespace.
+2026-10-08T00:29:47.6949473Z ##[endgroup]
docs/ai/tdd/test008-native-20261008T000204Z/native-windows.log:701: trailing whitespace.
+2026-10-08T00:29:48.7312922Z Pester 5.9.0 ready under pwsh 7
docs/ai/tdd/test008-native-20261008T000204Z/native-windows.log:702: trailing whitespace.
+2026-10-08T00:29:48.8077586Z ##[group]Run $ErrorActionPreference = "Stop"
docs/ai/tdd/test008-native-20261008T000204Z/native-windows.log:703: trailing whitespace.
+2026-10-08T00:29:48.8078084Z [36;1m$ErrorActionPreference = "Stop"[0m
docs/ai/tdd/test008-native-20261008T000204Z/native-windows.log:704: trailing whitespace.
+2026-10-08T00:29:48.8078509Z [36;1mImport-Module Pester -MinimumVersion 5.0[0m
docs/ai/tdd/test008-native-20261008T000204Z/native-windows.log:705: trailing whitespace.
+2026-10-08T00:29:48.8079085Z [36;1m$ver = (Get-Module Pester | Sort-Object Version -Descending | Select-Object -First 1).Version[0m
docs/ai/tdd/test008-native-20261008T000204Z/native-windows.log:706: trailing whitespace.
+2026-10-08T00:29:48.8079873Z [36;1mif ($ver.Major -lt 5) { Write-Error "Pester major version $ver < 5 under Windows PowerShell 5.1"; exit 1 }[0m
docs/ai/tdd/test008-native-20261008T000204Z/native-windows.log:707: trailing whitespace.
+2026-10-08T00:29:48.8080499Z [36;1mWrite-Host "AAI-PESTER-VERSION: powershell $ver"[0m
docs/ai/tdd/test008-native-20261008T000204Z/native-windows.log:708: trailing whitespace.
+2026-10-08T00:29:48.8080897Z [36;1m$cfg = New-PesterConfiguration[0m
docs/ai/tdd/test008-native-20261008T000204Z/native-windows.log:709: trailing whitespace.
+2026-10-08T00:29:48.8081191Z [36;1m$cfg.Run.Path = 'tests/skills'[0m
docs/ai/tdd/test008-native-20261008T000204Z/native-windows.log:710: trailing whitespace.
+2026-10-08T00:29:48.8081440Z [36;1m$cfg.Run.PassThru = $true[0m
docs/ai/tdd/test008-native-20261008T000204Z/native-windows.log:711: trailing whitespace.
+2026-10-08T00:29:48.8081706Z [36;1m$cfg.Output.Verbosity = 'Detailed'[0m
docs/ai/tdd/test008-native-20261008T000204Z/native-windows.log:712: trailing whitespace.
+2026-10-08T00:29:48.8082030Z [36;1m$sw = [System.Diagnostics.Stopwatch]::StartNew()[0m
docs/ai/tdd/test008-native-20261008T000204Z/native-windows.log:713: trailing whitespace.
+2026-10-08T00:29:48.8082396Z [36;1m$result = Invoke-Pester -Configuration $cfg[0m
docs/ai/tdd/test008-native-20261008T000204Z/native-windows.log:714: trailing whitespace.
+2026-10-08T00:29:48.8082683Z [36;1m$sw.Stop()[0m
docs/ai/tdd/test008-native-20261008T000204Z/native-windows.log:715: trailing whitespace.
+2026-10-08T00:29:48.8082941Z [36;1m$elapsed = [Math]::Round($sw.Elapsed.TotalSeconds, 2)[0m
docs/ai/tdd/test008-native-20261008T000204Z/native-windows.log:716: trailing whitespace.
+2026-10-08T00:29:48.8083367Z [36;1mWrite-Host "AAI-PESTER-ELAPSED: powershell ${elapsed}s"[0m
docs/ai/tdd/test008-native-20261008T000204Z/native-windows.log:717: trailing whitespace.
+2026-10-08T00:29:48.8084411Z [36;1m$skipLines = 0[0m
docs/ai/tdd/test008-native-20261008T000204Z/native-windows.log:718: trailing whitespace.
+2026-10-08T00:29:48.8084874Z [36;1mforeach ($s in $result.Skipped) {[0m
docs/ai/tdd/test008-native-20261008T000204Z/native-windows.log:719: trailing whitespace.
+2026-10-08T00:29:48.8085475Z [36;1m  Write-Host "AAI-WIN-SKIP: $($s.ExpandedPath)"[0m
docs/ai/tdd/test008-native-20261008T000204Z/native-windows.log:720: trailing whitespace.
+2026-10-08T00:29:48.8086013Z [36;1m  $skipLines++[0m
docs/ai/tdd/test008-native-20261008T000204Z/native-windows.log:721: trailing whitespace.
+2026-10-08T00:29:48.8100203Z [36;1m}[0m
docs/ai/tdd/test008-native-20261008T000204Z/native-windows.log:722: trailing whitespace.
+2026-10-08T00:29:48.8100581Z [36;1m$expected = [int]$env:AAI_EXPECTED_WIN_SKIP_COUNT[0m
docs/ai/tdd/test008-native-20261008T000204Z/native-windows.log:723: trailing whitespace.
+2026-10-08T00:29:48.8101052Z [36;1m$fail = 0[0m
docs/ai/tdd/test008-native-20261008T000204Z/native-windows.log:724: trailing whitespace.
+2026-10-08T00:29:48.8101781Z [36;1mif ($result.FailedCount -gt 0) { Write-Host "FAIL: FailedCount=$($result.FailedCount)"; $fail++ }[0m
docs/ai/tdd/test008-native-20261008T000204Z/native-windows.log:725: trailing whitespace.
+2026-10-08T00:29:48.8103709Z [36;1mif ($result.FailedContainersCount -gt 0) { Write-Host "FAIL: FailedContainersCount=$($result.FailedContainersCount) (a .Tests.ps1 failed Pester DISCOVERY -- a parse/syntax error under this engine)"; $fail++ }[0m
docs/ai/tdd/test008-native-20261008T000204Z/native-windows.log:726: trailing whitespace.
+2026-10-08T00:29:48.8106169Z [36;1mif ($result.TotalCount -lt 111) { Write-Host "FAIL: TotalCount=$($result.TotalCount) is below the declared floor of 111 (symmetric with the POSIX gate's TEST-005 floor; catches a vacuous discovery)"; $fail++ }[0m
docs/ai/tdd/test008-native-20261008T000204Z/native-windows.log:727: trailing whitespace.
+2026-10-08T00:29:48.8107512Z [36;1mif ($elapsed -gt 600) { Write-Host "FAIL: elapsed ${elapsed}s exceeds the 600s ceiling"; $fail++ }[0m
docs/ai/tdd/test008-native-20261008T000204Z/native-windows.log:728: trailing whitespace.
+2026-10-08T00:29:48.8108412Z [36;1mif ($skipLines -ne $result.SkippedCount) { Write-Host "FAIL: AAI-WIN-SKIP line count ($skipLines) != Pester SkippedCount ($($result.SkippedCount))"; $fail++ }[0m
docs/ai/tdd/test008-native-20261008T000204Z/native-windows.log:729: trailing whitespace.
+2026-10-08T00:29:48.8109455Z [36;1mif ($result.SkippedCount -ne $expected) { Write-Host "FAIL: SkippedCount ($($result.SkippedCount)) != declared expected ($expected)"; $fail++ }[0m
docs/ai/tdd/test008-native-20261008T000204Z/native-windows.log:730: trailing whitespace.
+2026-10-08T00:29:48.8110363Z [36;1m$seedCases = @($result.Tests | Where-Object { $_.ExpandedPath -like 'worktree seed PowerShell parity.TEST-008*' })[0m
docs/ai/tdd/test008-native-20261008T000204Z/native-windows.log:731: trailing whitespace.
+2026-10-08T00:29:48.8111111Z [36;1mif ($seedCases.Count -ne 3 -or @($seedCases | Where-Object { $_.Result -ne 'Passed' }).Count -ne 0) {[0m
docs/ai/tdd/test008-native-20261008T000204Z/native-windows.log:732: trailing whitespace.
+2026-10-08T00:29:48.8111904Z [36;1m  Write-Host "FAIL: TEST-008 worktree seed must pass all 3 cases under Windows PowerShell 5.1 (found $($seedCases.Count))"; $fail++[0m
docs/ai/tdd/test008-native-20261008T000204Z/native-windows.log:733: trailing whitespace.
+2026-10-08T00:29:48.8112472Z [36;1m}[0m
docs/ai/tdd/test008-native-20261008T000204Z/native-windows.log:734: trailing whitespace.
+2026-10-08T00:29:48.8112886Z [36;1mif ($fail -gt 0) { Write-Error "Pester gate failed under Windows PowerShell 5.1 ($fail check(s))"; exit 1 }[0m
docs/ai/tdd/test008-native-20261008T000204Z/native-windows.log:735: trailing whitespace.
+2026-10-08T00:29:48.8113714Z [36;1mWrite-Host "PESTER OK (Windows PowerShell 5.1): $($result.PassedCount) passed, $($result.SkippedCount) skipped, 0 failed, ${elapsed}s"[0m
docs/ai/tdd/test008-native-20261008T000204Z/native-windows.log:736: trailing whitespace.
+2026-10-08T00:29:48.8182003Z shell: C:\Windows\System32\WindowsPowerShell\v1.0\powershell.EXE -command ". '{0}'"
docs/ai/tdd/test008-native-20261008T000204Z/native-windows.log:737: trailing whitespace.
+2026-10-08T00:29:48.8182437Z env:
docs/ai/tdd/test008-native-20261008T000204Z/native-windows.log:738: trailing whitespace.
+2026-10-08T00:29:48.8182620Z   AAI_EXPECTED_WIN_SKIP_COUNT: 4
docs/ai/tdd/test008-native-20261008T000204Z/native-windows.log:739: trailing whitespace.
+2026-10-08T00:29:48.8182854Z ##[endgroup]
docs/ai/tdd/test008-native-20261008T000204Z/native-windows.log:740: trailing whitespace.
+2026-10-08T00:29:50.3999986Z AAI-PESTER-VERSION: powershell 5.9.0
docs/ai/tdd/test008-native-20261008T000204Z/native-windows.log:741: trailing whitespace.
+2026-10-08T00:29:52.4461624Z [95mPester v5.9.0[0m
docs/ai/tdd/test008-native-20261008T000204Z/native-windows.log:742: trailing whitespace.
+2026-10-08T00:29:52.6111905Z [95m
docs/ai/tdd/test008-native-20261008T000204Z/native-windows.log:743: trailing whitespace.
+2026-10-08T00:29:52.6113455Z [95mStarting discovery in 5 files.[0m
docs/ai/tdd/test008-native-20261008T000204Z/native-windows.log:744: trailing whitespace.
+2026-10-08T00:29:54.8553663Z [95mDiscovery found 157 tests in 1.78s.[0m
docs/ai/tdd/test008-native-20261008T000204Z/native-windows.log:745: trailing whitespace.
+2026-10-08T00:29:55.0106779Z [95mRunning tests.[0m
docs/ai/tdd/test008-native-20261008T000204Z/native-windows.log:746: trailing whitespace.
+2026-10-08T00:29:55.1703258Z [95m
docs/ai/tdd/test008-native-20261008T000204Z/native-windows.log:747: trailing whitespace.
+2026-10-08T00:29:55.1705377Z [95mRunning tests from 'D:\a\aai\aai\tests\skills\aai-pr-preflight.Tests.ps1'[0m
docs/ai/tdd/test008-native-20261008T000204Z/native-windows.log:748: trailing whitespace.
+2026-10-08T00:29:58.9994763Z [92mDescribing PR readiness process boundary[0m
docs/ai/tdd/test008-native-20261008T000204Z/native-windows.log:749: trailing whitespace.
+2026-10-08T00:30:01.0741775Z ##[error][-] prints captured JSON and preserves nonzero native status under Stop 1.63s (1.4s|228ms)[0m
docs/ai/tdd/test008-native-20261008T000204Z/native-windows.log:750: trailing whitespace.
+2026-10-08T00:30:01.0752704Z ##[group]Message[0m
docs/ai/tdd/test008-native-20261008T000204Z/native-windows.log:751: trailing whitespace.
+2026-10-08T00:30:01.0753177Z Expected 7, but got 1.[0m
docs/ai/tdd/test008-native-20261008T000204Z/native-windows.log:752: trailing whitespace.
+2026-10-08T00:30:01.0754061Z at $result.ExitCode | Should -Be 7, D:\a\aai\aai\tests\skills\aai-pr-preflight.Tests.ps1:72[0m
docs/ai/tdd/test008-native-20261008T000204Z/native-windows.log:753: trailing whitespace.
+2026-10-08T00:30:01.0764696Z at <ScriptBlock>, D:\a\aai\aai\tests\skills\aai-pr-preflight.Tests.ps1:72[0m
docs/ai/tdd/test008-native-20261008T000204Z/native-windows.log:754: trailing whitespace.
+2026-10-08T00:30:01.0777857Z ##[endgroup]
docs/ai/tdd/test008-native-20261008T000204Z/native-windows.log:755: trailing whitespace.
+2026-10-08T00:30:53.4218915Z INFO: TEST-001 direct_symlink_exit_output_equal=true
docs/ai/tdd/test008-native-20261008T000204Z/native-windows.log:756: trailing whitespace.
+2026-10-08T00:30:53.4231287Z INFO: TEST-001 {"result":{"schema_version":1,"platform":"azure","repository":{"organization_url":"https://dev.azure.com/Org","project":"Project 雪","repository":"Repo Name"},"remote_name":"origin","source_branch":"change/pr-capability-preflight","target_branch":"main","head_sha":"93b9200fdbb3940e34caa58b6170518a7c703de6","outcome":"read_verified","code":"READ_VERIFIED","operation":"azure.readiness","remedy":"Repository read access verified at invocation time; future PR create permission remains unknown.","create_permission":"unknown"},"calls":[{"name":"az","args":["--version"],"env":{"AZURE_EXTENSION_USE_DYNAMIC_INSTALL":"no","AZURE_CORE_NO_COLOR":"true","GIT_TERMINAL_PROMPT":"0","GH_PROMPT_DISABLED":"1","AZ_INSTALLER":"MSI"}},{"name":"az","args":["extension","show","--name","azure-devops","--output","json","--only-show-errors"],"env":{"AZURE_EXTENSION_USE_DYNAMIC_INSTALL":"no","AZURE_CORE_NO_COLOR":"true","GIT_TERMINAL_PROMPT":"0","GH_PROMPT_DISABLED":"1","AZ_INSTALLER":"MSI"}},{"name":"az","args":["repos","show","--organization","https://dev.azure.com/Org","--project","Project 雪","--repository","Repo Name","--detect","false","--output","json","--only-show-errors"],"env":{"AZURE_EXTENSION_USE_DYNAMIC_INSTALL":"no","AZURE_CORE_NO_COLOR":"true","GIT_TERMINAL_PROMPT":"0","GH_PROMPT_DISABLED":"1","AZ_INSTALLER":"MSI"}}]}
docs/ai/tdd/test008-native-20261008T000204Z/native-windows.log:757: trailing whitespace.
+2026-10-08T00:30:53.4240227Z INFO: TEST001_ENDPOINT {"endpoint":"url","supplied_hex":"2068747470733a2f2f6769746875622e636f6d2f4f72672f5265706f2e676974","effective_hex":"2068747470733a2f2f6769746875622e636f6d2f4f72672f5265706f2e6769740a"}
docs/ai/tdd/test008-native-20261008T000204Z/native-windows.log:758: trailing whitespace.
+2026-10-08T00:30:53.4242497Z INFO: TEST001_ENDPOINT {"endpoint":"url","supplied_hex":"68747470733a2f2f6769746875622e636f6d2f4f72672f5265706f2e67697420","effective_hex":"68747470733a2f2f6769746875622e636f6d2f4f72672f5265706f2e676974200a"}
docs/ai/tdd/test008-native-20261008T000204Z/native-windows.log:759: trailing whitespace.
+2026-10-08T00:30:53.4244585Z INFO: TEST001_ENDPOINT {"endpoint":"url","supplied_hex":"0968747470733a2f2f6769746875622e636f6d2f4f72672f5265706f2e676974","effective_hex":"0968747470733a2f2f6769746875622e636f6d2f4f72672f5265706f2e6769740a"}
docs/ai/tdd/test008-native-20261008T000204Z/native-windows.log:760: trailing whitespace.
+2026-10-08T00:30:53.4245975Z INFO: TEST001_ENDPOINT {"endpoint":"url","supplied_hex":"68747470733a2f2f6769746875622e636f6d2f4f72672f5265706f2e67697409","effective_hex":"68747470733a2f2f6769746875622e636f6d2f4f72672f5265706f2e676974090a"}
docs/ai/tdd/test008-native-20261008T000204Z/native-windows.log:761: trailing whitespace.
+2026-10-08T00:30:53.4247440Z INFO: TEST001_ENDPOINT {"endpoint":"url","supplied_hex":"0d68747470733a2f2f6769746875622e636f6d2f4f72672f5265706f2e676974","effective_hex":"0d68747470733a2f2f6769746875622e636f6d2f4f72672f5265706f2e6769740a"}
docs/ai/tdd/test008-native-20261008T000204Z/native-windows.log:762: trailing whitespace.
+2026-10-08T00:30:53.4248919Z INFO: TEST001_ENDPOINT {"endpoint":"url","supplied_hex":"68747470733a2f2f6769746875622e636f6d2f4f72672f5265706f2e6769740d","effective_hex":"68747470733a2f2f6769746875622e636f6d2f4f72672f5265706f2e6769740d0a"}
docs/ai/tdd/test008-native-20261008T000204Z/native-windows.log:763: trailing whitespace.
+2026-10-08T00:30:53.4251010Z INFO: TEST001_ENDPOINT {"endpoint":"url","supplied_hex":"68747470733a2f2f6769746875622e636f6d2f4f72672f5265706f2e6769740a","effective_hex":"68747470733a2f2f6769746875622e636f6d2f4f72672f5265706f2e6769740a0a"}
docs/ai/tdd/test008-native-20261008T000204Z/native-windows.log:764: trailing whitespace.
+2026-10-08T00:30:53.4252438Z INFO: TEST001_ENDPOINT {"endpoint":"url","supplied_hex":"0a68747470733a2f2f6769746875622e636f6d2f4f72672f5265706f2e676974","effective_hex":"0a68747470733a2f2f6769746875622e636f6d2f4f72672f5265706f2e6769740a"}
docs/ai/tdd/test008-native-20261008T000204Z/native-windows.log:765: trailing whitespace.
+2026-10-08T00:30:53.4254696Z INFO: TEST001_ENDPOINT {"endpoint":"url","supplied_hex":"68747470733a2f2f6769746875622e636f6d2f4f72672f5265706f2e6769740a68747470733a2f2f6769746875622e636f6d2f4f72672f5265706f2e676974","effective_hex":"68747470733a2f2f6769746875622e636f6d2f4f72672f5265706f2e6769740a68747470733a2f2f6769746875622e636f6d2f4f72672f5265706f2e6769740a"}
docs/ai/tdd/test008-native-20261008T000204Z/native-windows.log:766: trailing whitespace.
+2026-10-08T00:30:53.4257026Z INFO: TEST001_ENDPOINT {"endpoint":"url","supplied_hex":"68747470733a2f2f6769746875622e636f6d2f4f72672f5265706f2e6769740d68747470733a2f2f6769746875622e636f6d2f4f72672f5265706f2e676974","effective_hex":"68747470733a2f2f6769746875622e636f6d2f4f72672f5265706f2e6769740d68747470733a2f2f6769746875622e636f6d2f4f72672f5265706f2e6769740a"}
docs/ai/tdd/test008-native-20261008T000204Z/native-windows.log:767: trailing whitespace.
+2026-10-08T00:30:53.4259398Z INFO: TEST001_ENDPOINT {"endpoint":"pushurl","supplied_hex":"2068747470733a2f2f6769746875622e636f6d2f4f72672f5265706f2e676974","effective_hex":"2068747470733a2f2f6769746875622e636f6d2f4f72672f5265706f2e6769740a"}
docs/ai/tdd/test008-native-20261008T000204Z/native-windows.log:768: trailing whitespace.
+2026-10-08T00:30:53.4260814Z INFO: TEST001_ENDPOINT {"endpoint":"pushurl","supplied_hex":"68747470733a2f2f6769746875622e636f6d2f4f72672f5265706f2e67697420","effective_hex":"68747470733a2f2f6769746875622e636f6d2f4f72672f5265706f2e676974200a"}
docs/ai/tdd/test008-native-20261008T000204Z/native-windows.log:769: trailing whitespace.
+2026-10-08T00:30:53.4262184Z INFO: TEST001_ENDPOINT {"endpoint":"pushurl","supplied_hex":"0968747470733a2f2f6769746875622e636f6d2f4f72672f5265706f2e676974","effective_hex":"0968747470733a2f2f6769746875622e636f6d2f4f72672f5265706f2e6769740a"}
docs/ai/tdd/test008-native-20261008T000204Z/native-windows.log:770: trailing whitespace.
+2026-10-08T00:30:53.4263541Z INFO: TEST001_ENDPOINT {"endpoint":"pushurl","supplied_hex":"68747470733a2f2f6769746875622e636f6d2f4f72672f5265706f2e67697409","effective_hex":"68747470733a2f2f6769746875622e636f6d2f4f72672f5265706f2e676974090a"}
docs/ai/tdd/test008-native-20261008T000204Z/native-windows.log:771: trailing whitespace.
+2026-10-08T00:30:53.4265115Z INFO: TEST001_ENDPOINT {"endpoint":"pushurl","supplied_hex":"0d68747470733a2f2f6769746875622e636f6d2f4f72672f5265706f2e676974","effective_hex":"0d68747470733a2f2f6769746875622e636f6d2f4f72672f5265706f2e6769740a"}
docs/ai/tdd/test008-native-20261008T000204Z/native-windows.log:772: trailing whitespace.
+2026-10-08T00:30:53.4266678Z INFO: TEST001_ENDPOINT {"endpoint":"pushurl","supplied_hex":"68747470733a2f2f6769746875622e636f6d2f4f72672f5265706f2e6769740d","effective_hex":"68747470733a2f2f6769746875622e636f6d2f4f72672f5265706f2e6769740d0a"}
docs/ai/tdd/test008-native-20261008T000204Z/native-windows.log:773: trailing whitespace.
+2026-10-08T00:30:53.4268042Z INFO: TEST001_ENDPOINT {"endpoint":"pushurl","supplied_hex":"68747470733a2f2f6769746875622e636f6d2f4f72672f5265706f2e6769740a","effective_hex":"68747470733a2f2f6769746875622e636f6d2f4f72672f5265706f2e6769740a0a"}
docs/ai/tdd/test008-native-20261008T000204Z/native-windows.log:774: trailing whitespace.
+2026-10-08T00:30:53.4269403Z INFO: TEST001_ENDPOINT {"endpoint":"pushurl","supplied_hex":"0a68747470733a2f2f6769746875622e636f6d2f4f72672f5265706f2e676974","effective_hex":"0a68747470733a2f2f6769746875622e636f6d2f4f72672f5265706f2e6769740a"}
docs/ai/tdd/test008-native-20261008T000204Z/native-windows.log:775: trailing whitespace.
+2026-10-08T00:30:53.4271479Z INFO: TEST001_ENDPOINT {"endpoint":"pushurl","supplied_hex":"68747470733a2f2f6769746875622e636f6d2f4f72672f5265706f2e6769740a68747470733a2f2f6769746875622e636f6d2f4f72672f5265706f2e676974","effective_hex":"68747470733a2f2f6769746875622e636f6d2f4f72672f5265706f2e6769740a68747470733a2f2f6769746875622e636f6d2f4f72672f5265706f2e6769740a"}
docs/ai/tdd/test008-native-20261008T000204Z/native-windows.log:776: trailing whitespace.
+2026-10-08T00:30:53.4273788Z INFO: TEST001_ENDPOINT {"endpoint":"pushurl","supplied_hex":"68747470733a2f2f6769746875622e636f6d2f4f72672f5265706f2e6769740d68747470733a2f2f6769746875622e636f6d2f4f72672f5265706f2e676974","effective_hex":"68747470733a2f2f6769746875622e636f6d2f4f72672f5265706f2e6769740d68747470733a2f2f6769746875622e636f6d2f4f72672f5265706f2e6769740a"}
docs/ai/tdd/test008-native-20261008T000204Z/native-windows.log:777: trailing whitespace.
+2026-10-08T00:30:53.4275969Z INFO: TEST001_EMPTY {"git_version":"git version 2.55.0.windows.5","configured_order":["https://github.com/Org/Repo.git",""],"effective_hex":"68747470733a2f2f6769746875622e636f6d2f4f72672f5265706f2e6769740a","expected":"READ_VERIFIED","provider_calls":3}
docs/ai/tdd/test008-native-20261008T000204Z/native-windows.log:778: trailing whitespace.
+2026-10-08T00:30:53.4277767Z INFO: TEST001_EMPTY {"git_version":"git version 2.55.0.windows.5","configured_order":["","https://github.com/Org/Repo.git"],"effective_hex":"68747470733a2f2f6769746875622e636f6d2f4f72672f5265706f2e6769740a","expected":"READ_VERIFIED","provider_calls":3}
docs/ai/tdd/test008-native-20261008T000204Z/native-windows.log:779: trailing whitespace.
+2026-10-08T00:30:53.4279245Z INFO: TEST001_BLANK deterministic_blank_first_last_only_refused=true provider_calls=0
docs/ai/tdd/test008-native-20261008T000204Z/native-windows.log:780: trailing whitespace.
+2026-10-08T00:30:53.4280252Z INFO: TEST001_ENDPOINT {"endpoint":"pushurl","supplied_hex":"68747470733a2f2f6769746875622e636f6d2f4f72672f5265706f2e6769740d","effective_hex":"68747470733a2f2f6769746875622e636f6d2f4f72672f5265706f2e6769740d0a"}
docs/ai/tdd/test008-native-20261008T000204Z/native-windows.log:781: trailing whitespace.
+2026-10-08T00:30:53.4281469Z INFO: TEST-001 pushurl_divergent_multiple_rewrite_refused=true ordinary_single_positive=true
docs/ai/tdd/test008-native-20261008T000204Z/native-windows.log:782: trailing whitespace.
+2026-10-08T00:30:53.4281966Z PASS: TEST-001 pr-capability-preflight
docs/ai/tdd/test008-native-20261008T000204Z/native-windows.log:783: trailing whitespace.
+2026-10-08T00:31:03.6517274Z INFO: TEST-002 {"result":{"schema_version":1,"platform":"azure","repository":{"organization_url":"https://dev.azure.com/Org","project":"Project 雪","repository":"Repo Name"},"remote_name":"origin","source_branch":"change/pr-capability-preflight","target_branch":"main","head_sha":"c5ee92117ac3ae60a133c15cb9bf190c35a7c84c","outcome":"read_verified","code":"READ_VERIFIED","operation":"azure.readiness","remedy":"Repository read access verified at invocation time; future PR create permission remains unknown.","create_permission":"unknown"},"calls":[{"name":"az","args":["--version"],"env":{"AZURE_EXTENSION_USE_DYNAMIC_INSTALL":"no","AZURE_CORE_NO_COLOR":"true","GIT_TERMINAL_PROMPT":"0","GH_PROMPT_DISABLED":"1","AZ_INSTALLER":"MSI"}},{"name":"az","args":["extension","show","--name","azure-devops","--output","json","--only-show-errors"],"env":{"AZURE_EXTENSION_USE_DYNAMIC_INSTALL":"no","AZURE_CORE_NO_COLOR":"true","GIT_TERMINAL_PROMPT":"0","GH_PROMPT_DISABLED":"1","AZ_INSTALLER":"MSI"}},{"name":"az","args":["repos","show","--organization","https://dev.azure.com/Org","--project","Project 雪","--repository","Repo Name","--detect","false","--output","json","--only-show-errors"],"env":{"AZURE_EXTENSION_USE_DYNAMIC_INSTALL":"no","AZURE_CORE_NO_COLOR":"true","GIT_TERMINAL_PROMPT":"0","GH_PROMPT_DISABLED":"1","AZ_INSTALLER":"MSI"}}]}
docs/ai/tdd/test008-native-20261008T000204Z/native-windows.log:784: trailing whitespace.
+2026-10-08T00:31:03.6523141Z INFO: TEST-002 split_utf8_read_verified=true split_fixture_reached=true
docs/ai/tdd/test008-native-20261008T000204Z/native-windows.log:785: trailing whitespace.
+2026-10-08T00:31:03.6523870Z PASS: TEST-002 pr-capability-preflight
docs/ai/tdd/test008-native-20261008T000204Z/native-windows.log:786: trailing whitespace.
+2026-10-08T00:31:11.7434599Z PASS: TEST-003 pr-capability-preflight
docs/ai/tdd/test008-native-20261008T000204Z/native-windows.log:787: trailing whitespace.
+2026-10-08T00:31:14.7717577Z INFO: TEST-004 elapsed_ms=2053 child_alive=false later_probes=0
docs/ai/tdd/test008-native-20261008T000204Z/native-windows.log:788: trailing whitespace.
+2026-10-08T00:31:14.7719247Z PASS: TEST-004 pr-capability-preflight
docs/ai/tdd/test008-native-20261008T000204Z/native-windows.log:789: trailing whitespace.
+2026-10-08T00:31:17.7116472Z PASS: TEST-005 pr-capability-preflight
docs/ai/tdd/test008-native-20261008T000204Z/native-windows.log:790: trailing whitespace.
+2026-10-08T00:31:26.6453368Z INFO: TEST-006 alternate_read_verified=true null_bypasses_origin=true ceremony_origin_refused=true
docs/ai/tdd/test008-native-20261008T000204Z/native-windows.log:791: trailing whitespace.
+2026-10-08T00:31:26.6454446Z PASS: TEST-006 pr-capability-preflight
docs/ai/tdd/test008-native-20261008T000204Z/native-windows.log:792: trailing whitespace.
+2026-10-08T00:31:40.9399185Z INFO: CLI_BOUND {"test":"007","sequence":1,"mode":"ok","timeout_ms":105000,"elapsed_ms":6260,"error_code":null,"signal":null,"git_probes":7,"provider_steps":["gh.--version","gh.auth","gh.repo"],"stdout_bytes":467}
docs/ai/tdd/test008-native-20261008T000204Z/native-windows.log:793: trailing whitespace.
+2026-10-08T00:31:40.9400170Z INFO: TEST-007 bounded_identity_delay_ms=6261 read_verified=true
docs/ai/tdd/test008-native-20261008T000204Z/native-windows.log:794: trailing whitespace.
+2026-10-08T00:31:40.9401115Z PASS: TEST-007 pr-capability-preflight
docs/ai/tdd/test008-native-20261008T000204Z/native-windows.log:795: trailing whitespace.
+2026-10-08T00:31:55.2999909Z INFO: TEST008_CLONE {"clone_timeout_ms":30000,"output_cap_bytes":65536,"source_head":{"status":0,"signal":null,"error":null,"stdout":"604abd7123524532d17035818372a4689062f7e1\n","stderr":""},"core_longpaths":{"status":1,"signal":null,"error":null,"stdout":"","stderr":""},"tree_status":0,"longest_relative_path":"docs/ai/tdd/pr-capability-preflight-final-remediation-20261007T224314Z/run-snapshot-cd54086ced343c861928c9749fd8d43b2aa4e72dfe2a705c484db17a8baf7cea.mjs","longest_relative_chars":152,"deep":{"destination":"C:\\Users\\runneradmin\\AppData\\Local\\Temp\\aai-pr-preflight-ec29aa0a-ceb8-4d9d-97a0-002f661a238d\\fixture-EPTff7\\note-shallow","max_checkout_path_chars":274,"status":128,"signal":null,"error":null,"stdout":"","stderr":"Note: switching to '604abd7123524532d17035818372a4689062f7e1'.\n\nYou are in 'detached HEAD' state. You can look around, make experimental\nchanges and commit them, and you can discard any commits you make in this\nstate without impacting any branches by switching back to a branch.\n\nIf you want to create a new branch to retain commits you create, you may\ndo so (now or later) by using -c with the switch command. Example:\n\n  git switch -c <new-branch-name>\n\nOr undo this operation with:\n\n  git switch -\n\nTurn off this advice by setting config variable advice.detachedHead to false\n\nerror: unable to create file docs/ai/tdd/pr-capability-preflight-final-remediation-20261007T224314Z/run-snapshot-cd54086ced343c861928c9749fd8d43b2aa4e72dfe2a705c484db17a8baf7cea.mjs: Filename too long\nerror: unable to create file docs/ai/tdd/pr-capability-preflight-pushurl-remediation-20261007T211358Z/historical-mutations/mutation-TEST-003.2026-10-07T12-32-21Z.patch: Filename too long\nerror: unable to create file docs/ai/tdd/pr-capability-preflight-pushurl-remediation-20261007T211358Z/historical-mutations/mutation-TEST-004.2026-10-07T12-32-59Z.patch: Filename too long\nerror: unable to create file docs/ai/tdd/pr-capability-preflight-pushurl-remediation-20261007T211358Z/historical-mutations/mutation-TEST-006.2026-10-07T12-48-40Z.patch: Filename too long\nerror: unable to create file docs/ai/tdd/pr-capability-preflight-pushurl-remediation-20261007T211358Z/historical-mutations/mutation-TEST-006.2026-10-07T13-31-13Z.patch: Filename too long\nfatal: unable to checkout working tree\nwarning: Clone succeeded, but checkout failed.\nYou can inspect what was checked out with 'git status'\nand retry with 'git restore --source=HEAD :/'\n\n","head":null,"shallow":null},"short":{"destination":"C:\\Users\\runneradmin\\AppData\\Local\\Temp\\aai-pr-preflight-ec29aa0a-ceb8-4d9d-97a0-002f661a238d\\s-EPTff7","max_checkout_path_chars":255,"status":0,"signal":null,"error":null,"stdout":"","stderr":"Note: switching to '604abd7123524532d17035818372a4689062f7e1'.\n\nYou are in 'detached HEAD' state. You can look around, make experimental\nchanges and commit them, and you can discard any commits you make in this\nstate without impacting any branches by switching back to a branch.\n\nIf you want to create a new branch to retain commits you create, you may\ndo so (now or later) by using -c with the switch command. Example:\n\n  git switch -c <new-branch-name>\n\nOr undo this operation with:\n\n  git switch -\n\nTurn off this advice by setting config variable advice.detachedHead to false\n\n","head":{"status":0,"signal":null,"error":null,"stdout":"604abd7123524532d17035818372a4689062f7e1\n","stderr":""},"shallow":{"status":0,"signal":null,"error":null,"stdout":"true\n","stderr":""}}}
docs/ai/tdd/test008-native-20261008T000204Z/native-windows.log:796: trailing whitespace.
+2026-10-08T00:31:55.3039284Z INFO: TEST008_CAPTURE {"status":128,"signal":null,"error":{"code":null,"message":"Command failed: C:\\Program Files\\nodejs\\node.exe -e const {spawnSync}=require('child_process'),fs=require('fs'),path=require('path');\nconst git=process.argv[1],source=process.argv[2],deep=process.argv[3],short=process.argv[4],root=process.argv[5];\nfunction run(args,cwd,timeout=5000){return spawnSync(git,args,{cwd,encoding:'utf8',stdio:['ignore','pipe','pipe'],timeout,maxBuffer:65536});}\nfunction result(r){return {status:r.status,signal:r.signal,error:r.error?{code:r.error.code,message:r.error.message}:null,stdout:r.stdout||'',stderr:r.stderr||''};}\nconst config=run(['config','--show-origin','--get','core.longpaths'],root),head=run(['rev-parse','HEAD'],root);\nconst tree=spawnSync(git,['ls-tree','-r','--name-only','HEAD'],{cwd:root,encoding:'utf8',stdio:['ignore','pipe','pipe'],timeout:5000,maxBuffer:1048576});\nconst longest=(tree.stdout||'').split(/\\r?\\n/).reduce((a,b)=>b.length>a.length?b:a,'');\nfunction clone(destination){const r=run(['clone','--quiet','--depth','1',source,destination],undefined,30000);return {destination,max_checkout_path_chars:path.join(destination,longest).length,...result(r),head:r.status===0?result(run(['rev-parse','HEAD'],destination)):null,shallow:r.status===0?result(run(['rev-parse','--is-shallow-repository'],destination)):null};}\nlet first;try{first=clone(deep);const control=clone(short);console.log('INFO: TEST008_CLONE '+JSON.stringify({clone_timeout_ms:30000,output_cap_bytes:65536,source_head:result(head),core_longpaths:result(config),tree_status:tree.status,longest_relative_path:longest,longest_relative_chars:longest.length,deep:first,short:control}));}finally{fs.rmSync(short,{recursive:true,force:true});}\nif(first.status!==0){process.stderr.write(first.stderr);process.exit(first.status||1);}process.stderr.write('Note: switching to detached fixture.\\n'); C:\\Program Files\\Git\\bin\\git.exe file:///D:/a/aai/aai C:\\Users\\runneradmin\\AppData\\Local\\Temp\\aai-pr-preflight-ec29aa0a-ceb8-4d9d-97a0-002f661a238d\\fixture-EPTff7\\note-shallow C:\\Users\\runneradmin\\AppData\\Local\\Temp\\aai-pr-preflight-ec29aa0a-ceb8-4d9d-97a0-002f661a238d\\s-EPTff7 D:\\a\\aai\\aai\nNote: switching to '604abd7123524532d17035818372a4689062f7e1'.\n\nYou are in 'detached HEAD' state. You can look around, make experimental\nchanges and commit them, and you can discard any commits you make in this\nstate without impacting any branches by switching back to a branch.\n\nIf you want to create a new branch to retain commits you create, you may\ndo so (now or later) by using -c with the switch command. Example:\n\n  git switch -c <new-branch-name>\n\nOr undo this operation with:\n\n  git switch -\n\nTurn off this advice by setting config variable advice.detachedHead to false\n\nerror: unable to create file docs/ai/tdd/pr-capability-preflight-final-remediation-20261007T224314Z/run-snapshot-cd54086ced343c861928c9749fd8d43b2aa4e72dfe2a705c484db17a8baf7cea.mjs: Filename too long\nerror: unable to create file docs/ai/tdd/pr-capability-preflight-pushurl-remediation-20261007T211358Z/historical-mutations/mutation-TEST-003.2026-10-07T12-32-21Z.patch: Filename too long\nerror: unable to create file docs/ai/tdd/pr-capability-preflight-pushurl-remediation-20261007T211358Z/historical-mutations/mutation-TEST-004.2026-10-07T12-32-59Z.patch: Filename too long\nerror: unable to create file docs/ai/tdd/pr-capability-preflight-pushurl-remediation-20261007T211358Z/historical-mutations/mutation-TEST-006.2026-10-07T12-48-40Z.patch: Filename too long\nerror: unable to create file docs/ai/tdd/pr-capability-preflight-pushurl-remediation-20261007T211358Z/historical-mutations/mutation-TEST-006.2026-10-07T13-31-13Z.patch: Filename too long\nfatal: unable to checkout working tree\nwarning: Clone succeeded, but checkout failed.\nYou can inspect what was checked out with 'git status'\nand retry with 'git restore --source=HEAD :/'\n\n"},"stderr":"Note: switching to '604abd7123524532d17035818372a4689062f7e1'.\n\nYou are in 'detached HEAD' state. You can look around, make experimental\nchanges and commit them, and you can discard any commits you make in this\nstate without impacting any branches by switching back to a branch.\n\nIf you want to create a new branch to retain commits you create, you may\ndo so (now or later) by using -c with the switch command. Example:\n\n  git switch -c <new-branch-name>\n\nOr undo this operation with:\n\n  git switch -\n\nTurn off this advice by setting config variable advice.detachedHead to false\n\nerror: unable to create file docs/ai/tdd/pr-capability-preflight-final-remediation-20261007T224314Z/run-snapshot-cd54086ced343c861928c9749fd8d43b2aa4e72dfe2a705c484db17a8baf7cea.mjs: Filename too long\nerror: unable to create file docs/ai/tdd/pr-capability-preflight-pushurl-remediation-20261007T211358Z/historical-mutations/mutation-TEST-003.2026-10-07T12-32-21Z.patch: Filename too long\nerror: unable to create file docs/ai/tdd/pr-capability-preflight-pushurl-remediation-20261007T211358Z/historical-mutations/mutation-TEST-004.2026-10-07T12-32-59Z.patch: Filename too long\nerror: unable to create file docs/ai/tdd/pr-capability-preflight-pushurl-remediation-20261007T211358Z/historical-mutations/mutation-TEST-006.2026-10-07T12-48-40Z.patch: Filename too long\nerror: unable to create file docs/ai/tdd/pr-capability-preflight-pushurl-remediation-20261007T211358Z/historical-mutations/mutation-TEST-006.2026-10-07T13-31-13Z.patch: Filename too long\nfatal: unable to checkout working tree\nwarning: Clone succeeded, but checkout failed.\nYou can inspect what was checked out with 'git status'\nand retry with 'git restore --source=HEAD :/'\n\n"}
docs/ai/tdd/test008-native-20261008T000204Z/native-windows.log:797: trailing whitespace.
+2026-10-08T00:31:55.3061556Z FAIL: TEST-008 benign-note clone succeeds: 
docs/ai/tdd/test008-native-20261008T000204Z/native-windows.log:798: trailing whitespace.
+2026-10-08T00:31:55.3061978Z System.Management.Automation.RemoteException
docs/ai/tdd/test008-native-20261008T000204Z/native-windows.log:799: trailing whitespace.
+2026-10-08T00:31:55.3062259Z 128 !== 0
docs/ai/tdd/test008-native-20261008T000204Z/native-windows.log:800: trailing whitespace.
+2026-10-08T00:31:55.3062622Z System.Management.Automation.RemoteException
docs/ai/tdd/test008-native-20261008T000204Z/native-windows.log:801: trailing whitespace.
+2026-10-08T00:31:55.3146558Z ##[error][-] runs the eight provider/identity/refusal/timeout matrix arms 114.23s (114.22s|2ms)[0m
docs/ai/tdd/test008-native-20261008T000204Z/native-windows.log:802: trailing whitespace.
+2026-10-08T00:31:55.3157313Z ##[group]Message[0m
docs/ai/tdd/test008-native-20261008T000204Z/native-windows.log:803: trailing whitespace.
+2026-10-08T00:31:55.3169347Z Expected 0, but got 1.[0m
docs/ai/tdd/test008-native-20261008T000204Z/native-windows.log:804: trailing whitespace.
+2026-10-08T00:31:55.3181257Z at $rc | Should -Be 0, D:\a\aai\aai\tests\skills\aai-pr-preflight.Tests.ps1:87[0m
docs/ai/tdd/test008-native-20261008T000204Z/native-windows.log:805: trailing whitespace.
+2026-10-08T00:31:55.3193611Z at <ScriptBlock>, D:\a\aai\aai\tests\skills\aai-pr-preflight.Tests.ps1:87[0m
docs/ai/tdd/test008-native-20261008T000204Z/native-windows.log:806: trailing whitespace.
+2026-10-08T00:31:55.3206330Z ##[endgroup]
docs/ai/tdd/test008-native-20261008T000204Z/native-windows.log:807: trailing whitespace.
+2026-10-08T00:31:56.5401355Z [95m
docs/ai/tdd/test008-native-20261008T000204Z/native-windows.log:808: trailing whitespace.
+2026-10-08T00:31:56.5402932Z [95mRunning tests from 'D:\a\aai\aai\tests\skills\aai-release.Tests.ps1'[0m
docs/ai/tdd/test008-native-20261008T000204Z/native-windows.log:809: trailing whitespace.
+2026-10-08T00:31:56.6219214Z [92mDescribing aai-release.ps1 protected-branch classifier[0m
docs/ai/tdd/test008-native-20261008T000204Z/native-windows.log:810: trailing whitespace.
+2026-10-08T00:31:56.7158323Z [32m  [+] parses with no syntax errors[0m[90m 90ms (85ms|5ms)[0m
docs/ai/tdd/test008-native-20261008T000204Z/native-windows.log:811: trailing whitespace.
+2026-10-08T00:31:56.7312575Z [32m  [+] dot-sourcing defines Test-ProtectedBranchRejection without cutting a release[0m[90m 11ms (9ms|2ms)[0m
docs/ai/tdd/test008-native-20261008T000204Z/native-windows.log:812: trailing whitespace.
+2026-10-08T00:31:56.7948718Z [32m  [+] accepts GitHub's GH006 protected-branch rejection text[0m[90m 59ms (57ms|2ms)[0m
docs/ai/tdd/test008-native-20261008T000204Z/native-windows.log:813: trailing whitespace.
+2026-10-08T00:31:56.8059019Z [32m  [+] accepts the GH006 token regardless of case[0m[90m 5ms (3ms|2ms)[0m
docs/ai/tdd/test008-native-20261008T000204Z/native-windows.log:814: trailing whitespace.
+2026-10-08T00:31:56.8166827Z [32m  [+] accepts host-agnostic "protected branch" + "status check" wording, case-insensitively[0m[90m 5ms (3ms|3ms)[0m
docs/ai/tdd/test008-native-20261008T000204Z/native-windows.log:815: trailing whitespace.
+2026-10-08T00:31:56.8951802Z [32m  [+] rejects a non-fast-forward rejection (must degrade to git's own exit code)[0m[90m 73ms (72ms|2ms)[0m
docs/ai/tdd/test008-native-20261008T000204Z/native-windows.log:816: trailing whitespace.
+2026-10-08T00:31:56.9447422Z [32m  [+] rejects an auth failure[0m[90m 6ms (4ms|2ms)[0m
docs/ai/tdd/test008-native-20261008T000204Z/native-windows.log:817: trailing whitespace.
+2026-10-08T00:31:56.9699565Z [32m  [+] rejects "protected branch" wording with no status-check clause[0m[90m 6ms (4ms|2ms)[0m
docs/ai/tdd/test008-native-20261008T000204Z/native-windows.log:818: trailing whitespace.
+2026-10-08T00:31:56.9859775Z [32m  [+] rejects empty text[0m[90m 7ms (4ms|3ms)[0m
docs/ai/tdd/test008-native-20261008T000204Z/native-windows.log:819: trailing whitespace.
+2026-10-08T00:31:57.1233324Z [95m
docs/ai/tdd/test008-native-20261008T000204Z/native-windows.log:820: trailing whitespace.
+2026-10-08T00:31:57.1291578Z [95mRunning tests from 'D:\a\aai\aai\tests\skills\aai-update.Tests.ps1'[0m
docs/ai/tdd/test008-native-20261008T000204Z/native-windows.log:821: trailing whitespace.
+2026-10-08T00:31:57.2021701Z [92mDescribing aai-update.ps1[0m
docs/ai/tdd/test008-native-20261008T000204Z/native-windows.log:822: trailing whitespace.
+2026-10-08T00:31:57.2122743Z [32m  [+] parses with no syntax errors[0m[90m 8ms (4ms|3ms)[0m
docs/ai/tdd/test008-native-20261008T000204Z/native-windows.log:823: trailing whitespace.
+2026-10-08T00:31:57.2226997Z [96m Context canonical-repo guard[0m
docs/ai/tdd/test008-native-20261008T000204Z/native-windows.log:824: trailing whitespace.
+2026-10-08T00:31:58.2746823Z [32m   [+] refuses (exit 2) when run inside the canonical AAI repo without -Force[0m[90m 1.05s (1.05s|6ms)[0m
docs/ai/tdd/test008-native-20261008T000204Z/native-windows.log:825: trailing whitespace.
+2026-10-08T00:31:58.3031869Z [96m Context dry-run output (the previously fragile "Would run" line)[0m
docs/ai/tdd/test008-native-20261008T000204Z/native-windows.log:826: trailing whitespace.
+2026-10-08T00:31:59.3371349Z [32m   [+] native -Force -DryRun prints the Would-run line and exits 0[0m[90m 1.03s (1.03s|4ms)[0m
docs/ai/tdd/test008-native-20261008T000204Z/native-windows.log:827: trailing whitespace.
+2026-10-08T00:32:00.4071475Z [32m   [+] bash-style --force --dry-run works identically (flag parity)[0m[90m 1.03s (1.03s|2ms)[0m
docs/ai/tdd/test008-native-20261008T000204Z/native-windows.log:828: trailing whitespace.
+2026-10-08T00:32:00.4226909Z [96m Context bash long-flag values[0m
docs/ai/tdd/test008-native-20261008T000204Z/native-windows.log:829: trailing whitespace.
+2026-10-08T00:32:01.4588099Z [32m   [+] accepts --repo=OWNER/NAME and --ref BRANCH (= and space forms)[0m[90m 1.04s (1.03s|4ms)[0m
docs/ai/tdd/test008-native-20261008T000204Z/native-windows.log:830: trailing whitespace.
+2026-10-08T00:32:01.4697975Z [96m Context robustness[0m
docs/ai/tdd/test008-native-20261008T000204Z/native-windows.log:831: trailing whitespace.
+2026-10-08T00:32:02.4986364Z [32m   [+] warns but does not crash on an unrecognized argument[0m[90m 1.03s (1.02s|3ms)[0m
docs/ai/tdd/test008-native-20261008T000204Z/native-windows.log:832: trailing whitespace.
+2026-10-08T00:32:02.5115171Z [96m Context temp-dir lifecycle (ISSUE-0012 / SPEC-0052 â€” retain $Tmp, clone into $SrcDir)[0m
docs/ai/tdd/test008-native-20261008T000204Z/native-windows.log:833: trailing whitespace.
+2026-10-08T00:32:02.5450274Z [32m   [+] TEST-006: clone target is $SrcDir (=$Tmp/src) in all three attempts, never bare $Tmp; $Tmp created once as a directory[0m[90m 31ms (28ms|3ms)[0m
docs/ai/tdd/test008-native-20261008T000204Z/native-windows.log:834: trailing whitespace.
+2026-10-08T00:32:02.5573796Z [32m   [+] TEST-007: no Remove-Item ... $Tmp in the attempt cascade; per-attempt wipe targets $SrcDir; only finally removes $Tmp[0m[90m 8ms (6ms|2ms)[0m
docs/ai/tdd/test008-native-20261008T000204Z/native-windows.log:835: trailing whitespace.
+2026-10-08T00:32:02.5682361Z [96m Context SEAM-1 integration (ISSUE-0012 / SPEC-0052 â€” real clone parity)[0m
docs/ai/tdd/test008-native-20261008T000204Z/native-windows.log:836: trailing whitespace.
+2026-10-08T00:32:02.5790722Z [93m   [!] TEST-009: file:// fixture clone with -KeepTemp lands at $Tmp/src; $Tmp retained (skips if git unavailable) (PosixOnly: redirects the temp base through $env:TMPDIR, which [System.IO.Path]::GetTempPath() ignores on Windows, and builds a file://C:\...  URL from a backslash path)[0m[90m 5ms (0ms|5ms)[0m
docs/ai/tdd/test008-native-20261008T000204Z/native-windows.log:837: trailing whitespace.
+2026-10-08T00:32:02.6617833Z [95m
docs/ai/tdd/test008-native-20261008T000204Z/native-windows.log:838: trailing whitespace.
+2026-10-08T00:32:02.6651461Z [95mRunning tests from 'D:\a\aai\aai\tests\skills\aai-win-dispatch.Tests.ps1'[0m
docs/ai/tdd/test008-native-20261008T000204Z/native-windows.log:839: trailing whitespace.
+2026-10-08T00:32:02.7252721Z [92mDescribing aai-run-tests.ps1[0m
docs/ai/tdd/test008-native-20261008T000204Z/native-windows.log:840: trailing whitespace.
+2026-10-08T00:32:02.7559061Z [32m  [+] parses with no syntax errors[0m[90m 28ms (25ms|3ms)[0m
docs/ai/tdd/test008-native-20261008T000204Z/native-windows.log:841: trailing whitespace.
+2026-10-08T00:32:02.7619549Z [96m Context CHANGE-0134 TEST-003 (Spec-AC-02): Test-IsWindowsHostFor never silently fails to skip on Windows PowerShell 5.1, never over-skips on POSIX[0m
docs/ai/tdd/test008-native-20261008T000204Z/native-windows.log:842: trailing whitespace.
+2026-10-08T00:32:03.1510058Z [32m   [+] edition Desktop, IsWindowsFlag $null -> True[0m[90m 387ms (380ms|7ms)[0m
docs/ai/tdd/test008-native-20261008T000204Z/native-windows.log:843: trailing whitespace.
+2026-10-08T00:32:03.5165362Z [32m   [+] edition Core, IsWindowsFlag $true -> True[0m[90m 361ms (359ms|2ms)[0m
docs/ai/tdd/test008-native-20261008T000204Z/native-windows.log:844: trailing whitespace.
+2026-10-08T00:32:03.8641725Z [32m   [+] edition Core, IsWindowsFlag $false -> False[0m[90m 343ms (341ms|2ms)[0m
docs/ai/tdd/test008-native-20261008T000204Z/native-windows.log:845: trailing whitespace.
+2026-10-08T00:32:04.2213960Z [32m   [+] edition Desktop, IsWindowsFlag $false -> True[0m[90m 353ms (351ms|2ms)[0m
docs/ai/tdd/test008-native-20261008T000204Z/native-windows.log:846: trailing whitespace.
+2026-10-08T00:32:04.2317601Z [96m Context TEST-001 (Spec-AC-01): usable WSL -> WSL branch selected, delegation argv correct[0m
docs/ai/tdd/test008-native-20261008T000204Z/native-windows.log:847: trailing whitespace.
+2026-10-08T00:32:05.6400930Z [32m   [+] Resolve-Interpreter returns wsl when the WSL probe succeeds[0m[90m 1.34s (1.33s|3ms)[0m
docs/ai/tdd/test008-native-20261008T000204Z/native-windows.log:848: trailing whitespace.
+2026-10-08T00:32:05.6749857Z [32m   [+] builds the correct wsl.exe delegation argv (env passthrough + script + command)[0m[90m 30ms (26ms|4ms)[0m
docs/ai/tdd/test008-native-20261008T000204Z/native-windows.log:849: trailing whitespace.
+2026-10-08T00:32:05.8008192Z AAI-BRANCH: WSL | AAI-TIMEOUT: 3000s (source=default)
docs/ai/tdd/test008-native-20261008T000204Z/native-windows.log:850: trailing whitespace.
+2026-10-08T00:32:06.3323818Z [32m   [+] Invoke-Dispatch calls the WSL launch path with the resolved argv when WSL is usable[0m[90m 651ms (649ms|2ms)[0m
docs/ai/tdd/test008-native-20261008T000204Z/native-windows.log:851: trailing whitespace.
+2026-10-08T00:32:06.3456330Z [96m Context TEST-002 (Spec-AC-01): WSL absent/unusable + Git Bash candidates -> first-hit-wins, shim excluded[0m
docs/ai/tdd/test008-native-20261008T000204Z/native-windows.log:852: trailing whitespace.
+2026-10-08T00:32:06.6133891Z [32m   [+] Find-GitBash skips a WSL System32 shim and a non-existent candidate, returning the first REAL hit[0m[90m 264ms (261ms|3ms)[0m
docs/ai/tdd/test008-native-20261008T000204Z/native-windows.log:853: trailing whitespace.
+2026-10-08T00:32:06.7731785Z [32m   [+] Resolve-Interpreter falls through to gitbash when WSL is unusable[0m[90m 59ms (57ms|2ms)[0m
docs/ai/tdd/test008-native-20261008T000204Z/native-windows.log:854: trailing whitespace.
+2026-10-08T00:32:06.8638466Z [32m   [+] wsl.exe present but no usable distro falls through to Git Bash, never hangs/errors raw[0m[90m 61ms (58ms|2ms)[0m
docs/ai/tdd/test008-native-20261008T000204Z/native-windows.log:855: trailing whitespace.
+2026-10-08T00:32:06.8782369Z [96m Context TEST-010 (field fix, PR #247 run 31603532721): Test-WslUsable is a REAL functional probe, not a bare present-check[0m
docs/ai/tdd/test008-native-20261008T000204Z/native-windows.log:856: trailing whitespace.
+2026-10-08T00:32:07.0007786Z [32m   [+] wsl.exe present, ZERO installed distributions (stub prints the message and exits 0) -> NOT usable[0m[90m 123ms (118ms|5ms)[0m
docs/ai/tdd/test008-native-20261008T000204Z/native-windows.log:857: trailing whitespace.
+2026-10-08T00:32:07.2904490Z [32m   [+] wsl.exe present, real distro answers the sentinel exit code -> usable[0m[90m 82ms (79ms|2ms)[0m
docs/ai/tdd/test008-native-20261008T000204Z/native-windows.log:858: trailing whitespace.
+2026-10-08T00:32:07.4276657Z [32m   [+] wsl.exe present, distro answers a NON-sentinel exit code -> NOT usable[0m[90m 116ms (113ms|3ms)[0m
docs/ai/tdd/test008-native-20261008T000204Z/native-windows.log:859: trailing whitespace.
+2026-10-08T00:32:07.4908897Z [32m   [+] wsl.exe absent -> NOT usable, probe process never spawned[0m[90m 52ms (49ms|3ms)[0m
docs/ai/tdd/test008-native-20261008T000204Z/native-windows.log:860: trailing whitespace.
+2026-10-08T00:32:07.5841407Z [32m   [+] probe hangs past the watchdog -> NOT usable, hung probe process killed (never stalls the caller)[0m[90m 86ms (84ms|2ms)[0m
docs/ai/tdd/test008-native-20261008T000204Z/native-windows.log:861: trailing whitespace.
+2026-10-08T00:32:07.6063110Z [32m   [+] CHANGE-0136 field fix (PR #251 run 31683376326): ConvertTo-WslPath execs wslpath via -e, never through the login shell[0m[90m 18ms (17ms|1ms)[0m
docs/ai/tdd/test008-native-20261008T000204Z/native-windows.log:862: trailing whitespace.
+2026-10-08T00:32:07.6647624Z [32m   [+] CHANGE-0136 field fix (PR #251 run 31682243993): probe quoting is SELECTIVE â€” bare -e survives unquoted, the spaced sentinel stays quoted[0m[90m 53ms (52ms|1ms)[0m
docs/ai/tdd/test008-native-20261008T000204Z/native-windows.log:863: trailing whitespace.
+2026-10-08T00:32:07.7313454Z [32m   [+] probe runs the sentinel command THROUGH a distro (-e sh -c), never a bare presence check[0m[90m 60ms (58ms|1ms)[0m
docs/ai/tdd/test008-native-20261008T000204Z/native-windows.log:864: trailing whitespace.
+2026-10-08T00:32:07.7632502Z [32m   [+] H1 (field defect, PR #247 run 31606986703): Start-WslProbeProcess redirects BOTH stdout and stderr, never inherits the caller's streams[0m[90m 26ms (24ms|1ms)[0m
docs/ai/tdd/test008-native-20261008T000204Z/native-windows.log:865: trailing whitespace.
+2026-10-08T00:32:07.7792981Z [96m Context TEST-003 (Spec-AC-01): all probes negative -> error branch, never a partial launch[0m
docs/ai/tdd/test008-native-20261008T000204Z/native-windows.log:866: trailing whitespace.
+2026-10-08T00:32:07.9950984Z [32m   [+] Resolve-Interpreter returns error when neither WSL nor Git Bash is usable[0m[90m 93ms (88ms|4ms)[0m
docs/ai/tdd/test008-native-20261008T000204Z/native-windows.log:867: trailing whitespace.
+2026-10-08T00:32:08.1716106Z [32m   [+] Invoke-Dispatch never invokes a launch primitive on the error path[0m[90m 145ms (142ms|2ms)[0m
docs/ai/tdd/test008-native-20261008T000204Z/native-windows.log:868: trailing whitespace.
+2026-10-08T00:32:08.1893082Z [96m Context TEST-004 (Spec-AC-02): real invocation on THIS host (no WSL, no Windows Git Bash) -> exit 78 + exactly one AAI-ENV-ERROR line[0m
docs/ai/tdd/test008-native-20261008T000204Z/native-windows.log:869: trailing whitespace.
+2026-10-08T00:32:08.1986093Z [93m   [!] exits 78 with exactly one stderr line matching ^AAI-ENV-ERROR: naming both probed options (PosixOnly: windows-latest always has a real Git Bash, so the dispatcher resolves it and runs the command instead of erroring)[0m[90m 7ms (0ms|7ms)[0m
docs/ai/tdd/test008-native-20261008T000204Z/native-windows.log:870: trailing whitespace.
+2026-10-08T00:32:09.3041890Z [32m   [+] usage error (no command given) is distinct from the env error and never exit 78[0m[90m 1.06s (1.05s|2ms)[0m
docs/ai/tdd/test008-native-20261008T000204Z/native-windows.log:871: trailing whitespace.
+2026-10-08T00:32:09.3167479Z [96m Context TEST-005 (Spec-AC-03): Git-Bash run contract â€” passthrough, exit fidelity, timeout->124 + tree-kill[0m
docs/ai/tdd/test008-native-20261008T000204Z/native-windows.log:872: trailing whitespace.
+2026-10-08T00:32:09.3451826Z [32m   [+] AAI_TEST_TIMEOUT coercion parity (matches the .sh default): bogus -> 3000[0m[90m 26ms (21ms|5ms)[0m
docs/ai/tdd/test008-native-20261008T000204Z/native-windows.log:873: trailing whitespace.
+2026-10-08T00:32:09.3757545Z [32m   [+] AAI_TEST_TIMEOUT coercion parity (matches the .sh default): 0 -> 3000[0m[90m 26ms (25ms|2ms)[0m
docs/ai/tdd/test008-native-20261008T000204Z/native-windows.log:874: trailing whitespace.
+2026-10-08T00:32:09.4014722Z [32m   [+] AAI_TEST_TIMEOUT coercion parity (matches the .sh default): -5 -> 3000[0m[90m 20ms (16ms|3ms)[0m
docs/ai/tdd/test008-native-20261008T000204Z/native-windows.log:875: trailing whitespace.
+2026-10-08T00:32:09.4249914Z [32m   [+] AAI_TEST_TIMEOUT coercion parity (matches the .sh default):  -> 3000[0m[90m 19ms (17ms|2ms)[0m
docs/ai/tdd/test008-native-20261008T000204Z/native-windows.log:876: trailing whitespace.
+2026-10-08T00:32:09.4498687Z [32m   [+] AAI_TEST_TIMEOUT coercion parity (matches the .sh default):  -> 3000[0m[90m 20ms (17ms|3ms)[0m
docs/ai/tdd/test008-native-20261008T000204Z/native-windows.log:877: trailing whitespace.
+2026-10-08T00:32:09.4743477Z [32m   [+] AAI_TEST_TIMEOUT coercion parity (matches the .sh default): 45 -> 45[0m[90m 19ms (17ms|2ms)[0m
docs/ai/tdd/test008-native-20261008T000204Z/native-windows.log:878: trailing whitespace.
+2026-10-08T00:32:09.5060571Z [32m   [+] AAI_TEST_TIMEOUT coercion parity (matches the .sh default): 99999999999 -> 3000[0m[90m 27ms (25ms|2ms)[0m
docs/ai/tdd/test008-native-20261008T000204Z/native-windows.log:879: trailing whitespace.
+2026-10-08T00:32:09.5723031Z [32m   [+] passes the wrapper script path, command args, and AAI_TEST_TIMEOUT to the launched process[0m[90m 61ms (59ms|1ms)[0m
docs/ai/tdd/test008-native-20261008T000204Z/native-windows.log:880: trailing whitespace.
+2026-10-08T00:32:09.6302203Z [32m   [+] translates a Windows project Python path to Git Bash and leaves the wrapper script path unchanged[0m[90m 53ms (51ms|1ms)[0m
docs/ai/tdd/test008-native-20261008T000204Z/native-windows.log:881: trailing whitespace.
+2026-10-08T00:32:09.6748460Z [32m   [+] NB-A: outer Git-Bash watchdog deadline = AAI_TEST_TIMEOUT + grace (never races the inner .sh reap-grace sleep)[0m[90m 39ms (38ms|1ms)[0m
docs/ai/tdd/test008-native-20261008T000204Z/native-windows.log:882: trailing whitespace.
+2026-10-08T00:32:09.7169011Z [32m   [+] propagates the real (non-zero) child exit code on normal completion[0m[90m 37ms (35ms|1ms)[0m
docs/ai/tdd/test008-native-20261008T000204Z/native-windows.log:883: trailing whitespace.
+2026-10-08T00:32:09.7831610Z [32m   [+] on timeout, kills the launched process TREE (taskkill /T /F semantics) and exits 124[0m[90m 60ms (58ms|1ms)[0m
docs/ai/tdd/test008-native-20261008T000204Z/native-windows.log:884: trailing whitespace.
+2026-10-08T00:32:09.7937547Z [96m Context CHANGE-0133 TEST-001 (Spec-AC-01): PATH collision group collapses to one literal Path key, ordinal-ordered union, dedup[0m
docs/ai/tdd/test008-native-20261008T000204Z/native-windows.log:885: trailing whitespace.
+2026-10-08T00:32:09.9550990Z [32m   [+] Path + PATH + path -> exactly one key "Path", ordinal-key-ordered union with duplicate segments dropped; OrdinalIgnoreCase dictionary build does not throw[0m[90m 159ms (156ms|3ms)[0m
docs/ai/tdd/test008-native-20261008T000204Z/native-windows.log:886: trailing whitespace.
+2026-10-08T00:32:09.9663557Z [96m Context CHANGE-0133 TEST-002 (Spec-AC-01): non-PATH group -> ordinal-first key+value only, no-op on clean input, idempotent[0m
docs/ai/tdd/test008-native-20261008T000204Z/native-windows.log:887: trailing whitespace.
+2026-10-08T00:32:09.9919129Z [32m   [+] Temp/TEMP collapses to the ordinal-first key with that key's value only (no concatenation)[0m[90m 24ms (20ms|4ms)[0m
docs/ai/tdd/test008-native-20261008T000204Z/native-windows.log:888: trailing whitespace.
+2026-10-08T00:32:10.0174424Z [32m   [+] identical-value duplicate casings collapse to a single entry[0m[90m 21ms (19ms|1ms)[0m
docs/ai/tdd/test008-native-20261008T000204Z/native-windows.log:889: trailing whitespace.
+2026-10-08T00:32:10.0497798Z [32m   [+] a collision-free map is returned unchanged[0m[90m 27ms (26ms|1ms)[0m
docs/ai/tdd/test008-native-20261008T000204Z/native-windows.log:890: trailing whitespace.
+2026-10-08T00:32:10.0752542Z [32m   [+] normalizing the output a second time yields an identical map (idempotent)[0m[90m 21ms (20ms|1ms)[0m
docs/ai/tdd/test008-native-20261008T000204Z/native-windows.log:891: trailing whitespace.
+2026-10-08T00:32:10.0857415Z [96m Context CHANGE-0133 TEST-003 (Spec-AC-02, SEAM-1): real dual-casing environment -- CONTROL throws, TREATMENT does not, one Path survives with both directories[0m
docs/ai/tdd/test008-native-20261008T000204Z/native-windows.log:892: trailing whitespace.
+2026-10-08T00:32:10.0903096Z [93m   [!] child pwsh: CONTROL arm (OrdinalIgnoreCase dictionary over the live dup env) THROWS; TREATMENT arm (after Set-CanonicalProcessEnvironment) does NOT throw, exactly one PATH casing remains, value holds both original directories (PosixOnly: the Win32 environment block is case-insensitive, so the CONTROL arm cannot be constructed in-process on Windows -- SPEC-0120 RR-1)[0m[90m 3ms (0ms|3ms)[0m
docs/ai/tdd/test008-native-20261008T000204Z/native-windows.log:893: trailing whitespace.
+2026-10-08T00:32:10.1002427Z [96m Context CHANGE-0133 TEST-004 (Spec-AC-02, SEAM-3): canonicalizer runs exactly once, before every probe/launch primitive on both branches; clean env -> zero raw Set calls[0m
docs/ai/tdd/test008-native-20261008T000204Z/native-windows.log:894: trailing whitespace.
+2026-10-08T00:32:10.1544468Z AAI-BRANCH: Git Bash | AAI-TIMEOUT: 3000s (source=default)
docs/ai/tdd/test008-native-20261008T000204Z/native-windows.log:895: trailing whitespace.
+2026-10-08T00:32:10.1798358Z [32m   [+] gitbash branch: canonicalizer invoked exactly once, BEFORE Test-WslUsable and BEFORE Start-GitBashProcess[0m[90m 75ms (72ms|3ms)[0m
docs/ai/tdd/test008-native-20261008T000204Z/native-windows.log:896: trailing whitespace.
+2026-10-08T00:32:10.2210438Z AAI-BRANCH: WSL | AAI-TIMEOUT: 3000s (source=default)
docs/ai/tdd/test008-native-20261008T000204Z/native-windows.log:897: trailing whitespace.
+2026-10-08T00:32:10.2476075Z [32m   [+] wsl branch: canonicalizer invoked exactly once, BEFORE Test-WslUsable and BEFORE Invoke-WslProcess[0m[90m 61ms (60ms|1ms)[0m
docs/ai/tdd/test008-native-20261008T000204Z/native-windows.log:898: trailing whitespace.
+2026-10-08T00:32:10.2911993Z [32m   [+] on an already-clean environment the applier performs ZERO Set-EnvironmentVariableRaw calls[0m[90m 38ms (36ms|1ms)[0m
docs/ai/tdd/test008-native-20261008T000204Z/native-windows.log:899: trailing whitespace.
+2026-10-08T00:32:10.3019350Z [96m Context CHANGE-0133 TEST-005 (Spec-AC-03): spawn failure (throw or null) -> 125, wait logic never reached, never 124[0m
docs/ai/tdd/test008-native-20261008T000204Z/native-windows.log:900: trailing whitespace.
+2026-10-08T00:32:10.3525277Z AAI-SPAWN-ERROR: [Git Bash] AAI-TEST-005-THROW
docs/ai/tdd/test008-native-20261008T000204Z/native-windows.log:901: trailing whitespace.
+2026-10-08T00:32:10.3652488Z [32m   [+] Start-GitBashProcess THROW -> Invoke-ViaGitBash returns 125, Wait-ProcessWithTimeout never invoked[0m[90m 59ms (56ms|3ms)[0m
docs/ai/tdd/test008-native-20261008T000204Z/native-windows.log:902: trailing whitespace.
+2026-10-08T00:32:10.3994229Z AAI-SPAWN-ERROR: [Git Bash] spawn primitive returned no process object
docs/ai/tdd/test008-native-20261008T000204Z/native-windows.log:903: trailing whitespace.
+2026-10-08T00:32:10.4121216Z [32m   [+] Start-GitBashProcess returns $null -> Invoke-ViaGitBash returns 125, Wait-ProcessWithTimeout never invoked[0m[90m 40ms (39ms|1ms)[0m
docs/ai/tdd/test008-native-20261008T000204Z/native-windows.log:904: trailing whitespace.
+2026-10-08T00:32:10.4240869Z [96m Context CHANGE-0133 TEST-006 (Spec-AC-03): real child pwsh spawn-failure -> exactly one AAI-SPAWN-ERROR line naming Git Bash + exit 125[0m
docs/ai/tdd/test008-native-20261008T000204Z/native-windows.log:905: trailing whitespace.
+2026-10-08T00:32:11.4798527Z [32m   [+] stderr holds exactly one AAI-SPAWN-ERROR line containing the exception text and the literal token "Git Bash"; exit code is 125[0m[90m 1.05s (1.05s|3ms)[0m
docs/ai/tdd/test008-native-20261008T000204Z/native-windows.log:906: trailing whitespace.
+2026-10-08T00:32:11.4919929Z [96m Context CHANGE-0133 TEST-007 (Spec-AC-03): regression pins -- 124 keeps its meaning, no spawn-error noise[0m
docs/ai/tdd/test008-native-20261008T000204Z/native-windows.log:907: trailing whitespace.
+2026-10-08T00:32:11.5578958Z [32m   [+] live process + timeout still yields 124, tree-kill once, NO AAI-SPAWN-ERROR written[0m[90m 63ms (60ms|3ms)[0m
docs/ai/tdd/test008-native-20261008T000204Z/native-windows.log:908: trailing whitespace.
+2026-10-08T00:32:11.5966347Z [32m   [+] a normally completed process still propagates its own exit code 7[0m[90m 33ms (32ms|1ms)[0m
docs/ai/tdd/test008-native-20261008T000204Z/native-windows.log:909: trailing whitespace.
+2026-10-08T00:32:11.6145147Z [96m Context CHANGE-0135 field fix (PR #249 run 31658515767): Start-GitBashProcess pre-quotes ArgumentList into ONE string[0m
docs/ai/tdd/test008-native-20261008T000204Z/native-windows.log:910: trailing whitespace.
+2026-10-08T00:32:11.6576676Z [32m   [+] passes a single pre-quoted string, spaces in the script path and the sh payload both survive[0m[90m 40ms (37ms|3ms)[0m
docs/ai/tdd/test008-native-20261008T000204Z/native-windows.log:911: trailing whitespace.
+2026-10-08T00:32:11.6778031Z [96m Context CHANGE-0133 TEST-008 (Spec-AC-04): cleanup covers the spawn-failed branch, never a null pid[0m
docs/ai/tdd/test008-native-20261008T000204Z/native-windows.log:912: trailing whitespace.
+2026-10-08T00:32:11.7299976Z AAI-SPAWN-ERROR: [Git Bash] AAI-TEST-008-POST-SPAWN-FAILURE
docs/ai/tdd/test008-native-20261008T000204Z/native-windows.log:913: trailing whitespace.
+2026-10-08T00:32:11.7529276Z [32m   [+] a throw AFTER a live process object exists tree-kills exactly that pid once and returns 125[0m[90m 72ms (69ms|4ms)[0m
docs/ai/tdd/test008-native-20261008T000204Z/native-windows.log:914: trailing whitespace.
+2026-10-08T00:32:11.7871991Z AAI-SPAWN-ERROR: [Git Bash] spawn primitive returned no process object
docs/ai/tdd/test008-native-20261008T000204Z/native-windows.log:915: trailing whitespace.
+2026-10-08T00:32:11.8005244Z [32m   [+] a spawn that produced no object invokes Stop-ProcessTree zero times (never a null/empty pid to taskkill)[0m[90m 40ms (39ms|2ms)[0m
docs/ai/tdd/test008-native-20261008T000204Z/native-windows.log:916: trailing whitespace.
+2026-10-08T00:32:11.8124704Z [96m Context CHANGE-0133 TEST-009 (Spec-AC-04): WSL branch parity -- throw -> 125 named WSL, surfaced unchanged through Invoke-Dispatch; a real non-zero delegation passes through[0m
docs/ai/tdd/test008-native-20261008T000204Z/native-windows.log:917: trailing whitespace.
+2026-10-08T00:32:11.8606412Z [32m   [+] Invoke-WslProcess THROW -> Invoke-ViaWsl returns 125 with a diagnostic naming the literal token WSL[0m[90m 45ms (42ms|4ms)[0m
docs/ai/tdd/test008-native-20261008T000204Z/native-windows.log:918: trailing whitespace.
+2026-10-08T00:32:11.9002587Z AAI-BRANCH: WSL | AAI-TIMEOUT: 3000s (source=default)
docs/ai/tdd/test008-native-20261008T000204Z/native-windows.log:919: trailing whitespace.
+2026-10-08T00:32:11.9136407Z AAI-SPAWN-ERROR: [WSL] AAI-TEST-009-DISPATCH-SPAWN-FAILURE
docs/ai/tdd/test008-native-20261008T000204Z/native-windows.log:920: trailing whitespace.
+2026-10-08T00:32:11.9234827Z [32m   [+] Invoke-Dispatch surfaces that 125 unchanged on the wsl branch[0m[90m 55ms (52ms|3ms)[0m
docs/ai/tdd/test008-native-20261008T000204Z/native-windows.log:921: trailing whitespace.
+2026-10-08T00:32:11.9687276Z [32m   [+] a delegation that RAN and returned non-zero is passed through as its own code[0m[90m 38ms (37ms|1ms)[0m
docs/ai/tdd/test008-native-20261008T000204Z/native-windows.log:922: trailing whitespace.
+2026-10-08T00:32:11.9791368Z [96m Context CR-1 (review 20260812T133652Z): survivor re-write must be decided against POST-removal state, not the pre-removal snapshot[0m
docs/ai/tdd/test008-native-20261008T000204Z/native-windows.log:923: trailing whitespace.
+2026-10-08T00:32:12.0598774Z [32m   [+] a case-insensitive removal primitive that erases the survivor's own entry still gets the merged value written back[0m[90m 77ms (74ms|3ms)[0m
docs/ai/tdd/test008-native-20261008T000204Z/native-windows.log:924: trailing whitespace.
+2026-10-08T00:32:12.0679506Z [93m   [!] H3 (PR #247 run 31606986703 investigation): an unrelated process-scope var (AAI_TEST_TIMEOUT) survives canonicalization of a REAL Path/PATH collision AND is visible to a spawned grandchild process â€” RED/GREEN probe for the smoke's "default 300s watchdog used instead of AAI_TEST_TIMEOUT=2" symptom (PosixOnly: same Win32 case-insensitive-environment limitation as CHANGE-0133 TEST-003, PLUS the fixture overwrites PATH with a nonexistent directory, which on Windows breaks the Start-Process -FilePath 'pwsh' resolution this assertion depends on)[0m[90m 3ms (0ms|3ms)[0m
docs/ai/tdd/test008-native-20261008T000204Z/native-windows.log:925: trailing whitespace.
+2026-10-08T00:32:12.1184390Z [32m   [+] an already-clean environment still makes ZERO Set-EnvironmentVariableRaw calls (no re-read on the no-op path)[0m[90m 42ms (41ms|1ms)[0m
docs/ai/tdd/test008-native-20261008T000204Z/native-windows.log:926: trailing whitespace.
+2026-10-08T00:32:12.1486140Z [96m Context TEST-011 (5.1 ExitCode-null footgun): every Start-Process -PassThru launch helper touches .Handle immediately[0m
docs/ai/tdd/test008-native-20261008T000204Z/native-windows.log:927: trailing whitespace.
+2026-10-08T00:32:12.1729968Z [32m   [+] Start-WslProbeProcess touches $proc.Handle on the line immediately after the Start-Process assignment[0m[90m 40ms (19ms|21ms)[0m
docs/ai/tdd/test008-native-20261008T000204Z/native-windows.log:928: trailing whitespace.
+2026-10-08T00:32:12.1995567Z [32m   [+] Start-GitBashProcess touches $proc.Handle on the line immediately after the Start-Process assignment, and returns $proc (not the raw Start-Process pipeline output)[0m[90m 22ms (21ms|1ms)[0m
docs/ai/tdd/test008-native-20261008T000204Z/native-windows.log:929: trailing whitespace.
+2026-10-08T00:32:12.2123375Z [96m Context TEST-012 (TIMEOUT VISIBILITY): Get-EffectiveTimeoutSource labels env vs default in parity with Get-EffectiveTimeout's own coercion rule[0m
docs/ai/tdd/test008-native-20261008T000204Z/native-windows.log:930: trailing whitespace.
+2026-10-08T00:32:12.2387882Z [32m   [+] Get-EffectiveTimeoutSource: bogus -> default[0m[90m 24ms (21ms|3ms)[0m
docs/ai/tdd/test008-native-20261008T000204Z/native-windows.log:931: trailing whitespace.
+2026-10-08T00:32:12.2663516Z [32m   [+] Get-EffectiveTimeoutSource: 0 -> default[0m[90m 22ms (21ms|2ms)[0m
docs/ai/tdd/test008-native-20261008T000204Z/native-windows.log:932: trailing whitespace.
+2026-10-08T00:32:12.2911259Z [32m   [+] Get-EffectiveTimeoutSource: -5 -> default[0m[90m 21ms (19ms|2ms)[0m
docs/ai/tdd/test008-native-20261008T000204Z/native-windows.log:933: trailing whitespace.
+2026-10-08T00:32:12.3173685Z [32m   [+] Get-EffectiveTimeoutSource:  -> default[0m[90m 22ms (20ms|2ms)[0m
docs/ai/tdd/test008-native-20261008T000204Z/native-windows.log:934: trailing whitespace.
+2026-10-08T00:32:12.3387001Z [32m   [+] Get-EffectiveTimeoutSource:  -> default[0m[90m 17ms (15ms|2ms)[0m
docs/ai/tdd/test008-native-20261008T000204Z/native-windows.log:935: trailing whitespace.
+2026-10-08T00:32:12.3609186Z [32m   [+] Get-EffectiveTimeoutSource: 45 -> env[0m[90m 18ms (16ms|2ms)[0m
docs/ai/tdd/test008-native-20261008T000204Z/native-windows.log:936: trailing whitespace.
+2026-10-08T00:32:12.3847844Z [32m   [+] Get-EffectiveTimeoutSource: 99999999999 -> default[0m[90m 20ms (16ms|4ms)[0m
docs/ai/tdd/test008-native-20261008T000204Z/native-windows.log:937: trailing whitespace.
+2026-10-08T00:32:12.4109451Z [32m   [+] never disagrees with Get-EffectiveTimeout on whether a given Raw value is env-sourced[0m[90m 22ms (17ms|5ms)[0m
docs/ai/tdd/test008-native-20261008T000204Z/native-windows.log:938: trailing whitespace.
+2026-10-08T00:32:12.4348233Z [32m   [+] never disagrees with Get-EffectiveTimeout on whether a given Raw value is env-sourced[0m[90m 20ms (18ms|1ms)[0m
docs/ai/tdd/test008-native-20261008T000204Z/native-windows.log:939: trailing whitespace.
+2026-10-08T00:32:12.4591523Z [32m   [+] never disagrees with Get-EffectiveTimeout on whether a given Raw value is env-sourced[0m[90m 20ms (19ms|1ms)[0m
docs/ai/tdd/test008-native-20261008T000204Z/native-windows.log:940: trailing whitespace.
+2026-10-08T00:32:12.4807625Z [32m   [+] never disagrees with Get-EffectiveTimeout on whether a given Raw value is env-sourced[0m[90m 17ms (16ms|1ms)[0m
docs/ai/tdd/test008-native-20261008T000204Z/native-windows.log:941: trailing whitespace.
+2026-10-08T00:32:12.5084256Z [32m   [+] never disagrees with Get-EffectiveTimeout on whether a given Raw value is env-sourced[0m[90m 21ms (20ms|1ms)[0m
docs/ai/tdd/test008-native-20261008T000204Z/native-windows.log:942: trailing whitespace.
+2026-10-08T00:32:12.5282199Z [32m   [+] never disagrees with Get-EffectiveTimeout on whether a given Raw value is env-sourced[0m[90m 16ms (14ms|1ms)[0m
docs/ai/tdd/test008-native-20261008T000204Z/native-windows.log:943: trailing whitespace.
+2026-10-08T00:32:12.5502849Z [32m   [+] never disagrees with Get-EffectiveTimeout on whether a given Raw value is env-sourced[0m[90m 16ms (14ms|1ms)[0m
docs/ai/tdd/test008-native-20261008T000204Z/native-windows.log:944: trailing whitespace.
+2026-10-08T00:32:12.5759242Z [32m   [+] never disagrees with Get-EffectiveTimeout on whether a given Raw value is env-sourced[0m[90m 21ms (19ms|1ms)[0m
docs/ai/tdd/test008-native-20261008T000204Z/native-windows.log:945: trailing whitespace.
+2026-10-08T00:32:12.5911688Z [96m Context TEST-013 (branch diagnostic, always-on): AAI-BRANCH line names the chosen branch and effective timeout on every non-error run[0m
docs/ai/tdd/test008-native-20261008T000204Z/native-windows.log:946: trailing whitespace.
+2026-10-08T00:32:12.6219139Z [32m   [+] Write-BranchDiag writes exactly one AAI-BRANCH line with branch, timeout, and source[0m[90m 28ms (25ms|3ms)[0m
docs/ai/tdd/test008-native-20261008T000204Z/native-windows.log:947: trailing whitespace.
+2026-10-08T00:32:12.6840849Z [32m   [+] Invoke-Dispatch prints AAI-BRANCH naming WSL, with the default-sourced timeout, on the wsl branch[0m[90m 54ms (52ms|1ms)[0m
docs/ai/tdd/test008-native-20261008T000204Z/native-windows.log:948: trailing whitespace.
+2026-10-08T00:32:12.7537173Z [32m   [+] Invoke-Dispatch prints AAI-BRANCH naming Git Bash, with the env-sourced timeout, on the gitbash branch[0m[90m 61ms (60ms|1ms)[0m
docs/ai/tdd/test008-native-20261008T000204Z/native-windows.log:949: trailing whitespace.
+2026-10-08T00:32:12.8098565Z [32m   [+] Invoke-Dispatch never prints AAI-BRANCH on the error branch (Write-EnvError keeps its exactly-one-line contract)[0m[90m 51ms (49ms|1ms)[0m
docs/ai/tdd/test008-native-20261008T000204Z/native-windows.log:950: trailing whitespace.
+2026-10-08T00:32:12.8504542Z [0m
docs/ai/tdd/test008-native-20261008T000204Z/native-windows.log:951: trailing whitespace.
+2026-10-08T00:32:12.8547977Z [92mDescribing aai-release.ps1[0m
docs/ai/tdd/test008-native-20261008T000204Z/native-windows.log:952: trailing whitespace.
+2026-10-08T00:32:12.8856978Z [32m  [+] parses with no syntax errors[0m[90m 39ms (26ms|13ms)[0m
docs/ai/tdd/test008-native-20261008T000204Z/native-windows.log:953: trailing whitespace.
+2026-10-08T00:32:12.8990336Z [96m Context TEST-001 (Spec-AC-01): static contract â€” helper defined via OS-handle-level capture (CHANGE-0134 remediation)[0m
docs/ai/tdd/test008-native-20261008T000204Z/native-windows.log:954: trailing whitespace.
+2026-10-08T00:32:12.9258962Z [32m   [+] defines function Invoke-NativeChecked[0m[90m 21ms (16ms|5ms)[0m
docs/ai/tdd/test008-native-20261008T000204Z/native-windows.log:955: trailing whitespace.
+2026-10-08T00:32:12.9604755Z [32m   [+] captures via Start-Process -RedirectStandardOutput/-RedirectStandardError, never an in-process 2>&1 merge (a local $ErrorActionPreference override was proven NOT to suppress the real Windows PowerShell 5.1 stderr-promotion â€” PR #248 run 31638479811, TEST-002)[0m[90m 27ms (25ms|2ms)[0m
docs/ai/tdd/test008-native-20261008T000204Z/native-windows.log:956: trailing whitespace.
+2026-10-08T00:32:12.9748001Z [96m Context TEST-002/TEST-003 (Spec-AC-01): Invoke-NativeChecked behavioral contract[0m
docs/ai/tdd/test008-native-20261008T000204Z/native-windows.log:957: trailing whitespace.
+2026-10-08T00:32:14.0266157Z [32m   [+] TEST-002: stub writes stderr AND exits 0 -> returns without throwing[0m[90m 1.05s (1.05s|5ms)[0m
docs/ai/tdd/test008-native-20261008T000204Z/native-windows.log:958: trailing whitespace.
+2026-10-08T00:32:15.2371458Z [32m   [+] TEST-003: stub writes stderr AND exits non-zero -> throws and the message CONTAINS the stderr text[0m[90m 1.21s (1.2s|1ms)[0m
docs/ai/tdd/test008-native-20261008T000204Z/native-windows.log:959: trailing whitespace.
+2026-10-08T00:32:15.2542826Z [96m Context TEST-004 (Spec-AC-02): every cut-path native call is routed through the helper; probes untouched[0m
docs/ai/tdd/test008-native-20261008T000204Z/native-windows.log:960: trailing whitespace.
+2026-10-08T00:32:15.2763009Z [32m   [+] no bare git -C $Root push/add/commit/tag statement remains[0m[90m 20ms (16ms|4ms)[0m
docs/ai/tdd/test008-native-20261008T000204Z/native-windows.log:961: trailing whitespace.
+2026-10-08T00:32:15.3186811Z [32m   [+] no bare gh release create statement remains[0m[90m 37ms (32ms|5ms)[0m
docs/ai/tdd/test008-native-20261008T000204Z/native-windows.log:962: trailing whitespace.
+2026-10-08T00:32:15.3391926Z [32m   [+] git add/commit/tag are invoked through Invoke-NativeChecked[0m[90m 14ms (12ms|2ms)[0m
docs/ai/tdd/test008-native-20261008T000204Z/native-windows.log:963: trailing whitespace.
+2026-10-08T00:32:15.3553663Z [32m   [+] the display git rev-parse --short HEAD is invoked through Invoke-NativeChecked[0m[90m 12ms (11ms|1ms)[0m
docs/ai/tdd/test008-native-20261008T000204Z/native-windows.log:964: trailing whitespace.
+2026-10-08T00:32:15.3742594Z [32m   [+] every git push is invoked through Invoke-NativeChecked (target branch, fallback branch, tag)[0m[90m 15ms (13ms|1ms)[0m
docs/ai/tdd/test008-native-20261008T000204Z/native-windows.log:965: trailing whitespace.
+2026-10-08T00:32:15.3938431Z [32m   [+] gh release create is invoked through Invoke-NativeChecked[0m[90m 13ms (9ms|3ms)[0m
docs/ai/tdd/test008-native-20261008T000204Z/native-windows.log:966: trailing whitespace.
+2026-10-08T00:32:15.4171915Z [32m   [+] the tolerant probes (rev-parse -q --verify, gh auth status) keep their existing *> $null handling[0m[90m 17ms (15ms|1ms)[0m
docs/ai/tdd/test008-native-20261008T000204Z/native-windows.log:967: trailing whitespace.
+2026-10-08T00:32:15.4300338Z [96m Context TEST-006 (Spec-AC-03): dot-source guard â€” defines the helper WITHOUT running a release[0m
docs/ai/tdd/test008-native-20261008T000204Z/native-windows.log:968: trailing whitespace.
+2026-10-08T00:32:15.9754683Z [32m   [+] dot-sourcing in a child process defines Invoke-NativeChecked and does not exit early on release preconditions[0m[90m 544ms (540ms|3ms)[0m
docs/ai/tdd/test008-native-20261008T000204Z/native-windows.log:969: trailing whitespace.
+2026-10-08T00:32:15.9857029Z [96m Context TEST-007 (Spec-AC-03): -File -DryRun regression â€” the guard does not change normal execution[0m
docs/ai/tdd/test008-native-20261008T000204Z/native-windows.log:970: trailing whitespace.
+2026-10-08T00:32:16.1415417Z warning: in the working copy of 'CHANGELOG.md', LF will be replaced by CRLF the next time Git touches it
docs/ai/tdd/test008-native-20261008T000204Z/native-windows.log:971: trailing whitespace.
+2026-10-08T00:32:19.3548277Z [32m   [+] pwsh -File aai-release.ps1 -DryRun in a throwaway git fixture exits 0 and prints the plan header[0m[90m 3.37s (3.36s|3ms)[0m
docs/ai/tdd/test008-native-20261008T000204Z/native-windows.log:972: trailing whitespace.
+2026-10-08T00:32:19.3689463Z [0m
docs/ai/tdd/test008-native-20261008T000204Z/native-windows.log:973: trailing whitespace.
+2026-10-08T00:32:19.3703603Z [92mDescribing aai-reap-tests.ps1[0m
docs/ai/tdd/test008-native-20261008T000204Z/native-windows.log:974: trailing whitespace.
+2026-10-08T00:32:19.3927484Z [32m  [+] parses with no syntax errors[0m[90m 22ms (17ms|4ms)[0m
docs/ai/tdd/test008-native-20261008T000204Z/native-windows.log:975: trailing whitespace.
+2026-10-08T00:32:19.3984235Z [96m Context CHANGE-0134 TEST-007 (Spec-AC-03): reaper Test-WslUsable is a REAL functional probe, not a bare present-check[0m
docs/ai/tdd/test008-native-20261008T000204Z/native-windows.log:976: trailing whitespace.
+2026-10-08T00:32:19.4409266Z [32m   [+] wsl.exe present, ZERO installed distributions (probe exits 0 without the sentinel) -> NOT usable[0m[90m 39ms (36ms|3ms)[0m
docs/ai/tdd/test008-native-20261008T000204Z/native-windows.log:977: trailing whitespace.
+2026-10-08T00:32:19.4816950Z [32m   [+] wsl.exe present, real distro answers the exact sentinel exit code -> usable[0m[90m 35ms (33ms|1ms)[0m
docs/ai/tdd/test008-native-20261008T000204Z/native-windows.log:978: trailing whitespace.
+2026-10-08T00:32:19.5307020Z [32m   [+] wsl.exe present, distro answers a NON-sentinel exit code -> NOT usable[0m[90m 43ms (42ms|1ms)[0m
docs/ai/tdd/test008-native-20261008T000204Z/native-windows.log:979: trailing whitespace.
+2026-10-08T00:32:19.5888760Z [32m   [+] probe never completes within the watchdog -> NOT usable, probe process stopped exactly once[0m[90m 50ms (48ms|1ms)[0m
docs/ai/tdd/test008-native-20261008T000204Z/native-windows.log:980: trailing whitespace.
+2026-10-08T00:32:19.6115242Z [96m Context CHANGE-0134 TEST-008 (Spec-AC-03): structural pin -- reaper Start-WslProbeProcess redirects both streams and touches .Handle immediately[0m
docs/ai/tdd/test008-native-20261008T000204Z/native-windows.log:981: trailing whitespace.
+2026-10-08T00:32:19.6344104Z [32m   [+] Start-WslProbeProcess exists, redirects stdout+stderr to per-call temp files, and touches $proc.Handle on the very next statement[0m[90m 22ms (18ms|4ms)[0m
docs/ai/tdd/test008-native-20261008T000204Z/native-windows.log:982: trailing whitespace.
+2026-10-08T00:32:19.6472416Z [96m Context CHANGE-0134 TEST-009 (Spec-AC-03, SEAM-3): reaper and run-tests dispatchers agree on the sentinel value and probe argv[0m
docs/ai/tdd/test008-native-20261008T000204Z/native-windows.log:983: trailing whitespace.
+2026-10-08T00:32:19.6679982Z [32m   [+] both dispatchers' Test-WslUsable declare the identical sentinel integer literal[0m[90m 18ms (15ms|3ms)[0m
docs/ai/tdd/test008-native-20261008T000204Z/native-windows.log:984: trailing whitespace.
+2026-10-08T00:32:19.7030228Z [32m   [+] both dispatchers' Test-WslUsable pass an IDENTICAL probe argument list to Start-WslProbeProcess (compared to each other, not a hardcoded shape -- drift-proof: a future edit to ONE file's call site fails this even if it never touches the other)[0m[90m 23ms (21ms|1ms)[0m
docs/ai/tdd/test008-native-20261008T000204Z/native-windows.log:985: trailing whitespace.
+2026-10-08T00:32:19.7619298Z [32m   [+] reaper Resolve-Interpreter falls through to gitbash when the probe does not return the sentinel-clean result[0m[90m 50ms (48ms|2ms)[0m
docs/ai/tdd/test008-native-20261008T000204Z/native-windows.log:986: trailing whitespace.
+2026-10-08T00:32:19.7718989Z [96m Context TEST-006 (Spec-AC-04): mocked snapshot â€” other-workspace spared, young spared, old match killed as tree; prints reaped: N[0m
docs/ai/tdd/test008-native-20261008T000204Z/native-windows.log:987: trailing whitespace.
+2026-10-08T00:32:19.8179016Z [32m   [+] Get-ReapCandidates keeps only the aged in-workspace match[0m[90m 42ms (40ms|3ms)[0m
docs/ai/tdd/test008-native-20261008T000204Z/native-windows.log:988: trailing whitespace.
+2026-10-08T00:32:19.8872157Z [32m   [+] Invoke-ReapNative kills only the aged in-workspace match and prints reaped: N[0m[90m 63ms (62ms|1ms)[0m
docs/ai/tdd/test008-native-20261008T000204Z/native-windows.log:989: trailing whitespace.
+2026-10-08T00:32:19.9501863Z [32m   [+] never issues a global kill: an unmatched sibling and a fresh sibling both survive untouched[0m[90m 56ms (54ms|1ms)[0m
docs/ai/tdd/test008-native-20261008T000204Z/native-windows.log:990: trailing whitespace.
+2026-10-08T00:32:19.9846362Z [32m   [+] prints reaped: 0 and kills nothing when no candidate matches[0m[90m 28ms (27ms|2ms)[0m
docs/ai/tdd/test008-native-20261008T000204Z/native-windows.log:991: trailing whitespace.
+2026-10-08T00:32:19.9953282Z [96m Context StepStart (reaper-deterministic-age-guard, Spec-AC-05): contract parity with the .sh reaper's epoch mode[0m
docs/ai/tdd/test008-native-20261008T000204Z/native-windows.log:992: trailing whitespace.
+2026-10-08T00:32:20.0168793Z [32m   [+] Get-ReapCandidates -StepStart spares CreationDate >= StepStart-Grace and reaps older, ignoring MinAgeSeconds[0m[90m 19ms (16ms|3ms)[0m
docs/ai/tdd/test008-native-20261008T000204Z/native-windows.log:993: trailing whitespace.
+2026-10-08T00:32:20.0349000Z [32m   [+] Get-ReapCandidates without -StepStart stays byte-identical to the legacy MinAgeSeconds path[0m[90m 14ms (12ms|1ms)[0m
docs/ai/tdd/test008-native-20261008T000204Z/native-windows.log:994: trailing whitespace.
+2026-10-08T00:32:20.0994395Z [32m   [+] Invoke-ReapNative -StepStart reaps only the pre-step survivor[0m[90m 58ms (57ms|1ms)[0m
docs/ai/tdd/test008-native-20261008T000204Z/native-windows.log:995: trailing whitespace.
+2026-10-08T00:32:20.1876037Z [32m   [+] Get-StepStartFromEpoch: valid positive integer <= now returns the local DateTime[0m[90m 83ms (82ms|1ms)[0m
docs/ai/tdd/test008-native-20261008T000204Z/native-windows.log:996: trailing whitespace.
+2026-10-08T00:32:20.2137144Z [32m   [+] Get-StepStartFromEpoch: unset/empty/non-integer/negative/zero/future all fail safe to $null (never global)[0m[90m 21ms (20ms|2ms)[0m
docs/ai/tdd/test008-native-20261008T000204Z/native-windows.log:997: trailing whitespace.
+2026-10-08T00:32:20.2809522Z reaped: 1
docs/ai/tdd/test008-native-20261008T000204Z/native-windows.log:998: trailing whitespace.
+2026-10-08T00:32:20.2996886Z [32m   [+] Invoke-ReapDispatch fail-safe: an invalid AAI_REAP_STEP_START_EPOCH falls back to legacy AAI_REAP_MIN_AGE_SECS (never a global kill)[0m[90m 80ms (78ms|1ms)[0m
docs/ai/tdd/test008-native-20261008T000204Z/native-windows.log:999: trailing whitespace.
+2026-10-08T00:32:20.3237454Z [32m   [+] Get-ReapWslDelegationArgs forwards AAI_REAP_STEP_START_EPOCH/AAI_REAP_GRACE_SECS only when StepStartEpoch is supplied[0m[90m 20ms (18ms|1ms)[0m
docs/ai/tdd/test008-native-20261008T000204Z/native-windows.log:1000: trailing whitespace.
+2026-10-08T00:32:20.3345166Z [96m Context NB-C: WSL-delegated reap forwards AAI_REAP_WORKSPACE/AAI_REAP_MIN_AGE_SECS and prints a single summary line[0m
docs/ai/tdd/test008-native-20261008T000204Z/native-windows.log:1001: trailing whitespace.
+2026-10-08T00:32:20.3560447Z [32m   [+] Get-ReapWslDelegationArgs builds the correct wsl.exe delegation argv (env passthrough for BOTH overrides + script)[0m[90m 20ms (12ms|8ms)[0m
docs/ai/tdd/test008-native-20261008T000204Z/native-windows.log:1002: trailing whitespace.
+2026-10-08T00:32:20.3959107Z reaped: 2
docs/ai/tdd/test008-native-20261008T000204Z/native-windows.log:1003: trailing whitespace.
+2026-10-08T00:32:20.4188060Z [32m   [+] Invoke-ReapDispatch forwards the resolved workspace and min-age into the WSL delegation call[0m[90m 57ms (55ms|1ms)[0m
docs/ai/tdd/test008-native-20261008T000204Z/native-windows.log:1004: trailing whitespace.
+2026-10-08T00:32:20.4815493Z [32m   [+] in WSL mode, the delegate summary is authoritative: the native pass never prints its own reaped: N line[0m[90m 57ms (55ms|1ms)[0m
docs/ai/tdd/test008-native-20261008T000204Z/native-windows.log:1005: trailing whitespace.
+2026-10-08T00:32:20.5408962Z [32m   [+] in native-only mode (WSL unusable), the native pass IS the summary of record and prints exactly one line[0m[90m 47ms (46ms|1ms)[0m
docs/ai/tdd/test008-native-20261008T000204Z/native-windows.log:1006: trailing whitespace.
+2026-10-08T00:32:20.5552656Z [0m
docs/ai/tdd/test008-native-20261008T000204Z/native-windows.log:1007: trailing whitespace.
+2026-10-08T00:32:20.5564516Z [92mDescribing aai-win-selftest.ps1 (CHANGE-0135 / spec-doctor-win-selftest)[0m
docs/ai/tdd/test008-native-20261008T000204Z/native-windows.log:1008: trailing whitespace.
+2026-10-08T00:32:20.5935928Z [32m  [+] parses with no syntax errors[0m[90m 36ms (32ms|4ms)[0m
docs/ai/tdd/test008-native-20261008T000204Z/native-windows.log:1009: trailing whitespace.
+2026-10-08T00:32:20.5991453Z [96m Context CHANGE-0135 TEST-002 (Spec-AC-01): pure self-test report builder turns arm results into the documented shape[0m
docs/ai/tdd/test008-native-20261008T000204Z/native-windows.log:1010: trailing whitespace.
+2026-10-08T00:32:20.6615741Z [32m   [+] produces one entry per arm, preserves status/exitCode/diag verbatim (including the AAI-TIMEOUT field), and marks failed when any arm is not PASS[0m[90m 60ms (57ms|3ms)[0m
docs/ai/tdd/test008-native-20261008T000204Z/native-windows.log:1011: trailing whitespace.
+2026-10-08T00:32:20.6943256Z [32m   [+] reports failed=$false when every arm is PASS[0m[90m 28ms (27ms|2ms)[0m
docs/ai/tdd/test008-native-20261008T000204Z/native-windows.log:1012: trailing whitespace.
+2026-10-08T00:32:20.7043981Z [96m Context CHANGE-0135 F2 (Spec-AC-01): Get-QuotedArgumentString quoting contract, and the load-bearing regression it prevents[0m
docs/ai/tdd/test008-native-20261008T000204Z/native-windows.log:1013: trailing whitespace.
+2026-10-08T00:32:20.7306768Z [32m   [+] quotes every argument individually, preserving embedded spaces and escaping embedded double quotes[0m[90m 24ms (22ms|3ms)[0m
docs/ai/tdd/test008-native-20261008T000204Z/native-windows.log:1014: trailing whitespace.
+2026-10-08T00:32:21.0929425Z [32m   [+] a spaced ArmTempDir still reaches the child engine intact (A/B pin: an unquoted raw ArgumentList array breaks this -- validator-observed quoted exitCode=3 vs raw exitCode=64)[0m[90m 358ms (356ms|1ms)[0m
docs/ai/tdd/test008-native-20261008T000204Z/native-windows.log:1015: trailing whitespace.
+2026-10-08T00:32:21.1600396Z [96m Context CHANGE-0135 NB-1 (Code Review): interpolated paths escape an embedded apostrophe in all three arms[0m
docs/ai/tdd/test008-native-20261008T000204Z/native-windows.log:1016: trailing whitespace.
+2026-10-08T00:32:21.5340041Z [32m   [+] Invoke-SelfTestArmSuccess writes a syntactically valid inner script[0m[90m 372ms (369ms|3ms)[0m
docs/ai/tdd/test008-native-20261008T000204Z/native-windows.log:1017: trailing whitespace.
+2026-10-08T00:32:21.8885738Z [32m   [+] Invoke-SelfTestArmTimeout writes a syntactically valid inner script[0m[90m 350ms (348ms|1ms)[0m
docs/ai/tdd/test008-native-20261008T000204Z/native-windows.log:1018: trailing whitespace.
+2026-10-08T00:32:22.2790339Z [32m   [+] Invoke-SelfTestArmSpawnFail writes a syntactically valid inner script[0m[90m 386ms (385ms|1ms)[0m
docs/ai/tdd/test008-native-20261008T000204Z/native-windows.log:1019: trailing whitespace.
+2026-10-08T00:32:22.3054448Z [96m Context CHANGE-0135 F3 (Spec-AC-02): Get-AvailableEngines emits a real array even for exactly one engine[0m
docs/ai/tdd/test008-native-20261008T000204Z/native-windows.log:1020: trailing whitespace.
+2026-10-08T00:32:22.7028999Z [32m   [+] returns a one-element array (not a pipeline-unwrapped scalar) when exactly one engine resolves, so CAT-15 counts it correctly[0m[90m 394ms (390ms|3ms)[0m
docs/ai/tdd/test008-native-20261008T000204Z/native-windows.log:1021: trailing whitespace.
+2026-10-08T00:32:22.7212061Z [96m Context CHANGE-0135 TEST-006/TEST-007 (Spec-AC-02): environment collision report + WSL tri-state mapper[0m
docs/ai/tdd/test008-native-20261008T000204Z/native-windows.log:1022: trailing whitespace.
+2026-10-08T00:32:22.7690542Z [32m   [+] names exactly one collision group (survivor Path, collapsed PATH) for a Path/PATH-colliding dictionary, and never mutates the real environment[0m[90m 46ms (42ms|4ms)[0m
docs/ai/tdd/test008-native-20261008T000204Z/native-windows.log:1023: trailing whitespace.
+2026-10-08T00:32:22.7997463Z [32m   [+] names zero collision groups for a collision-free dictionary[0m[90m 25ms (24ms|1ms)[0m
docs/ai/tdd/test008-native-20261008T000204Z/native-windows.log:1024: trailing whitespace.
+2026-10-08T00:32:22.8419438Z [32m   [+] Get-WslTriState returns absent when Test-WslPresent is false[0m[90m 36ms (35ms|1ms)[0m
docs/ai/tdd/test008-native-20261008T000204Z/native-windows.log:1025: trailing whitespace.
+2026-10-08T00:32:22.8912137Z [32m   [+] Get-WslTriState returns present-no-distro when present but not usable[0m[90m 44ms (43ms|1ms)[0m
docs/ai/tdd/test008-native-20261008T000204Z/native-windows.log:1026: trailing whitespace.
+2026-10-08T00:32:22.9359941Z [32m   [+] Get-WslTriState returns functional when present and usable[0m[90m 38ms (36ms|1ms)[0m
docs/ai/tdd/test008-native-20261008T000204Z/native-windows.log:1027: trailing whitespace.
+2026-10-08T00:32:22.9464024Z [96m Context CHANGE-0135 TEST-004 (Spec-AC-01): host-adaptive end-to-end -- node aai-doctor.mjs --json over the real probe[0m
docs/ai/tdd/test008-native-20261008T000204Z/native-windows.log:1028: trailing whitespace.
+2026-10-08T00:32:35.1098518Z CAT-14 detail: {"spawned":true,"arms":[{"name":"success","status":"PASS","exitCode":3,"diag":"AAI-BRANCH: Git Bash | AAI-TIMEOUT: 60s (source=env)","timedOut":false,"markerOk":true,"stdoutTail":"","stderrTail":"AAI-BRANCH: Git Bash | AAI-TIMEOUT: 60s (source=env)\r\nAAI-DEGRADED-MODE: running under Git-Bash/MSYS (MINGW64_NT-10.0-26100) - no POSIX process-group guarantee; using best-effort Windows tree-kill (taskkill //T) or plain kill; detached/reparented descendants are NOT guaranteed reaped (see docs/TECHNOLOGY.md platform matrix)."},{"name":"timeout","status":"PASS","exitCode":124,"diag":"AAI-BRANCH: Git Bash | AAI-TIMEOUT: 2s (source=env)","timedOut":false,"stdoutTail":"","stderrTail":"MEOUT: 2s (source=env)\r\nAAI-DEGRADED-MODE: running under Git-Bash/MSYS (MINGW64_NT-10.0-26100) - no POSIX process-group guarantee; using best-effort Windows tree-kill (taskkill //T) or plain kill; detached/reparented descendants are NOT guaranteed reaped (see docs/TECHNOLOGY.md platform matrix).\naai-run-tests: TIMED OUT after 2s with no progress -- raise the ceiling with AAI_TEST_TIMEOUT=\u003cseconds\u003e"},{"name":"spawnfail","status":"PASS","exitCode":125,"diag":"AAI-SPAWN-ERROR: [Git Bash] This command cannot be run due to the error: This version of %1 is not compatible with the version of Windows you\u0027re running. Check your computer\u0027s system information and then contact the software publisher.","timedOut":false,"markerAbsent":true,"spawnErrorCount":1,"stdoutTail":"","stderrTail":"AAI-BRANCH: Git Bash | AAI-TIMEOUT: 30s (source=env)\r\nAAI-SPAWN-ERROR: [Git Bash] This command cannot be run due to the error: This version of %1 is not compatible with the version of Windows you\u0027re running. Check your computer\u0027s system information and then contact the software publisher."}],"failed":false,"reason":null}
docs/ai/tdd/test008-native-20261008T000204Z/native-windows.log:1029: trailing whitespace.
+2026-10-08T00:32:35.1512510Z [32m   [+] CAT-14 spawns and all three arms are reported on Windows; CAT-14 is a named, non-spawning SKIP everywhere else[0m[90m 12.2s (12.2s|3ms)[0m
docs/ai/tdd/test008-native-20261008T000204Z/native-windows.log:1030: trailing whitespace.
+2026-10-08T00:32:35.1932778Z [95m
docs/ai/tdd/test008-native-20261008T000204Z/native-windows.log:1031: trailing whitespace.
+2026-10-08T00:32:35.1934626Z [95mRunning tests from 'D:\a\aai\aai\tests\skills\aai-worktree-seed.Tests.ps1'[0m
docs/ai/tdd/test008-native-20261008T000204Z/native-windows.log:1032: trailing whitespace.
+2026-10-08T00:32:35.6810383Z Syncing AAI from: D:\a\aai\aai
docs/ai/tdd/test008-native-20261008T000204Z/native-windows.log:1033: trailing whitespace.
+2026-10-08T00:32:35.6821268Z Target project:     C:\Users\runneradmin\AppData\Local\Temp\aai seed ps fed9be03371b40d4be30b28e25d966ac\installed source
docs/ai/tdd/test008-native-20261008T000204Z/native-windows.log:1034: trailing whitespace.
+2026-10-08T00:32:35.6829334Z Profile:            core
docs/ai/tdd/test008-native-20261008T000204Z/native-windows.log:1035: trailing whitespace.
+2026-10-08T00:32:35.7280700Z   PROFILE core: filtered .aai copy per .aai/system/PROFILES.yaml
docs/ai/tdd/test008-native-20261008T000204Z/native-windows.log:1036: trailing whitespace.
+2026-10-08T00:32:36.5935173Z   PRESERVE target-only skills under: C:\Users\runneradmin\AppData\Local\Temp\aai seed ps fed9be03371b40d4be30b28e25d966ac\installed source\.claude\skills
docs/ai/tdd/test008-native-20261008T000204Z/native-windows.log:1037: trailing whitespace.
+2026-10-08T00:32:36.6090540Z   SEED docs/TECHNOLOGY.md from .aai/templates/TECHNOLOGY_TEMPLATE.md
docs/ai/tdd/test008-native-20261008T000204Z/native-windows.log:1038: trailing whitespace.
+2026-10-08T00:32:36.6129155Z   SEED docs/ai/update-config.yaml from .aai/templates/update-config.template.yaml
docs/ai/tdd/test008-native-20261008T000204Z/native-windows.log:1039: trailing whitespace.
+2026-10-08T00:32:36.6161155Z   SEED docs/ai/docs-audit.yaml from .aai/templates/docs-audit.template.yaml (dials report-only; docs-audit --check now runs enforced)
docs/ai/tdd/test008-native-20261008T000204Z/native-windows.log:1040: trailing whitespace.
+2026-10-08T00:32:36.6174180Z   PRESERVE docs/ai/ runtime data (STATE.yaml, LOOP_TICKS.jsonl, METRICS.jsonl, EVENTS.jsonl, decisions.jsonl, reports/)
docs/ai/tdd/test008-native-20261008T000204Z/native-windows.log:1041: trailing whitespace.
+2026-10-08T00:32:36.7981120Z   PRESERVE local Codex dynamic index: C:\Users\runneradmin\AppData\Local\Temp\aai seed ps fed9be03371b40d4be30b28e25d966ac\installed source\.codex\skills.local
docs/ai/tdd/test008-native-20261008T000204Z/native-windows.log:1042: trailing whitespace.
+2026-10-08T00:32:36.9686636Z   PRESERVE local Gemini dynamic index: C:\Users\runneradmin\AppData\Local\Temp\aai seed ps fed9be03371b40d4be30b28e25d966ac\installed source\.gemini\skills.local
docs/ai/tdd/test008-native-20261008T000204Z/native-windows.log:1043: trailing whitespace.
+2026-10-08T00:32:37.1442564Z   PRESERVE target-only skills under: C:\Users\runneradmin\AppData\Local\Temp\aai seed ps fed9be03371b40d4be30b28e25d966ac\installed source\.agents\skills
docs/ai/tdd/test008-native-20261008T000204Z/native-windows.log:1044: trailing whitespace.
+2026-10-08T00:32:37.1476449Z   SYNC .claude-plugin/plugin.json
docs/ai/tdd/test008-native-20261008T000204Z/native-windows.log:1045: trailing whitespace.
+2026-10-08T00:32:37.2357463Z   MERGE hooks/hooks.json: 1 hook(s) added, 0 updated, 0 already present, 0 left as-is -> hooks\hooks.json
docs/ai/tdd/test008-native-20261008T000204Z/native-windows.log:1046: trailing whitespace.
+2026-10-08T00:32:37.3392210Z   MERGE hooks/hooks.windows.json: 1 hook(s) added, 0 updated, 0 already present, 0 left as-is -> hooks\hooks.windows.json
docs/ai/tdd/test008-native-20261008T000204Z/native-windows.log:1047: trailing whitespace.
+2026-10-08T00:32:37.4058799Z   SYNC hooks/
docs/ai/tdd/test008-native-20261008T000204Z/native-windows.log:1048: trailing whitespace.
+2026-10-08T00:32:37.4090644Z   SYNC .cursor/rules/aai.mdc
docs/ai/tdd/test008-native-20261008T000204Z/native-windows.log:1049: trailing whitespace.
+2026-10-08T00:32:37.4131741Z   Added .aai/ to C:\Users\runneradmin\AppData\Local\Temp\aai seed ps fed9be03371b40d4be30b28e25d966ac\installed source\.gitignore
docs/ai/tdd/test008-native-20261008T000204Z/native-windows.log:1050: trailing whitespace.
+2026-10-08T00:32:37.4158448Z   Added .cloudflare-publish* to C:\Users\runneradmin\AppData\Local\Temp\aai seed ps fed9be03371b40d4be30b28e25d966ac\installed source\.gitignore
docs/ai/tdd/test008-native-20261008T000204Z/native-windows.log:1051: trailing whitespace.
+2026-10-08T00:32:37.4176368Z   Added .wrangler/ to C:\Users\runneradmin\AppData\Local\Temp\aai seed ps fed9be03371b40d4be30b28e25d966ac\installed source\.gitignore
docs/ai/tdd/test008-native-20261008T000204Z/native-windows.log:1052: trailing whitespace.
+2026-10-08T00:32:37.4201006Z   Added .aai/cache/ to C:\Users\runneradmin\AppData\Local\Temp\aai seed ps fed9be03371b40d4be30b28e25d966ac\installed source\.gitignore
docs/ai/tdd/test008-native-20261008T000204Z/native-windows.log:1053: trailing whitespace.
+2026-10-08T00:32:37.4227478Z   Added docs/ai/reports runtime ignore rules to C:\Users\runneradmin\AppData\Local\Temp\aai seed ps fed9be03371b40d4be30b28e25d966ac\installed source\.gitignore
docs/ai/tdd/test008-native-20261008T000204Z/native-windows.log:1054: trailing whitespace.
+2026-10-08T00:32:37.4257380Z   Added agent skill sync patterns to C:\Users\runneradmin\AppData\Local\Temp\aai seed ps fed9be03371b40d4be30b28e25d966ac\installed source\.gitignore
docs/ai/tdd/test008-native-20261008T000204Z/native-windows.log:1055: trailing whitespace.
+2026-10-08T00:32:37.4286031Z   Added AAI per-dev runtime state patterns to C:\Users\runneradmin\AppData\Local\Temp\aai seed ps fed9be03371b40d4be30b28e25d966ac\installed source\.gitignore
docs/ai/tdd/test008-native-20261008T000204Z/native-windows.log:1056: trailing whitespace.
+2026-10-08T00:32:37.4293875Z   NOTE: If docs/ai/STATE.yaml or docs/ai/LOOP_TICKS.jsonl is still tracked,
docs/ai/tdd/test008-native-20261008T000204Z/native-windows.log:1057: trailing whitespace.
+2026-10-08T00:32:37.4302159Z         run pwsh .aai/scripts/migrate-state-to-local.ps1 in the target project.
docs/ai/tdd/test008-native-20261008T000204Z/native-windows.log:1058: trailing whitespace.
+2026-10-08T00:32:37.4488538Z   Added 24 AAI runtime-sidecar pattern(s) to C:\Users\runneradmin\AppData\Local\Temp\aai seed ps fed9be03371b40d4be30b28e25d966ac\installed source\.gitignore
docs/ai/tdd/test008-native-20261008T000204Z/native-windows.log:1059: trailing whitespace.
+2026-10-08T00:32:37.4713855Z   Advisory report: C:\Users\runneradmin\AppData\Local\Temp\aai seed ps fed9be03371b40d4be30b28e25d966ac\installed source\docs\ai\reports\sync-conflicts-20261008-003237.md
docs/ai/tdd/test008-native-20261008T000204Z/native-windows.log:1060: trailing whitespace.
+2026-10-08T00:32:37.5429729Z Sync complete. Review changes in C:\Users\runneradmin\AppData\Local\Temp\aai seed ps fed9be03371b40d4be30b28e25d966ac\installed source :
docs/ai/tdd/test008-native-20261008T000204Z/native-windows.log:1061: trailing whitespace.
+2026-10-08T00:32:37.5438337Z   cd C:\Users\runneradmin\AppData\Local\Temp\aai seed ps fed9be03371b40d4be30b28e25d966ac\installed source; git status; git diff
docs/ai/tdd/test008-native-20261008T000204Z/native-windows.log:1062: trailing whitespace.
+2026-10-08T00:32:37.5715321Z warning: in the working copy of '.gitignore', LF will be replaced by CRLF the next time Git touches it
docs/ai/tdd/test008-native-20261008T000204Z/native-windows.log:1063: trailing whitespace.
+2026-10-08T00:32:37.9388051Z [92mDescribing worktree seed PowerShell parity[0m
docs/ai/tdd/test008-native-20261008T000204Z/native-windows.log:1064: trailing whitespace.
+2026-10-08T00:32:38.3209340Z WORKTREE-SEED-REFUSED DESTINATION_TYPE: C:\Users\runneradmin\AppData\Local\Temp\aai seed ps fed9be03371b40d4be30b28e25d966ac\linked target\.aai\AGENTS.md
docs/ai/tdd/test008-native-20261008T000204Z/native-windows.log:1065: trailing whitespace.
+2026-10-08T00:32:38.3466942Z [32m  [+] TEST-008 stops before initialization or success after seed refusal[0m[90m 406ms (401ms|6ms)[0m
docs/ai/tdd/test008-native-20261008T000204Z/native-windows.log:1066: trailing whitespace.
+2026-10-08T00:32:51.3693104Z [32m  [+] TEST-008 seeds spaced paths, runs initializer, and creates no links[0m[90m 13.02s (13.01s|4ms)[0m
docs/ai/tdd/test008-native-20261008T000204Z/native-windows.log:1067: trailing whitespace.
+2026-10-08T00:32:51.7857445Z WORKTREE-SEED-REFUSED DESTINATION_CONFLICT: C:\Users\runneradmin\AppData\Local\Temp\aai seed ps fed9be03371b40d4be30b28e25d966ac\linked target\.aai\system\AAI_PIN.md
docs/ai/tdd/test008-native-20261008T000204Z/native-windows.log:1068: trailing whitespace.
+2026-10-08T00:32:51.8056607Z [32m  [+] TEST-008 refuses a conflict and does not alter existing installed bytes[0m[90m 432ms (431ms|1ms)[0m
docs/ai/tdd/test008-native-20261008T000204Z/native-windows.log:1069: trailing whitespace.
+2026-10-08T00:32:51.8880621Z [32m  [+] TEST-011 resolves the source repository root from a subdirectory[0m[90m 78ms (77ms|1ms)[0m
docs/ai/tdd/test008-native-20261008T000204Z/native-windows.log:1070: trailing whitespace.
+2026-10-08T00:32:53.1897526Z [97mTests completed in 179.17s[0m
docs/ai/tdd/test008-native-20261008T000204Z/native-windows.log:1071: trailing whitespace.
+2026-10-08T00:32:53.2157568Z [97mTests Passed: 151, [0m[91mFailed: 2, [0m[93mSkipped: 4, [0m[90mInconclusive: 0, [0m[37m[0m[90mNotRun: 0[0m
docs/ai/tdd/test008-native-20261008T000204Z/native-windows.log:1072: trailing whitespace.
+2026-10-08T00:32:53.7180713Z AAI-PESTER-ELAPSED: powershell 183.25s
docs/ai/tdd/test008-native-20261008T000204Z/native-windows.log:1073: trailing whitespace.
+2026-10-08T00:32:53.7211569Z AAI-WIN-SKIP: aai-update.ps1.SEAM-1 integration (ISSUE-0012 / SPEC-0052 â€” real clone parity).TEST-009: file:// fixture clone with -KeepTemp lands at $Tmp/src; $Tmp retained (skips if git unavailable) (PosixOnly: redirects the temp base through $env:TMPDIR, which [System.IO.Path]::GetTempPath() ignores on Windows, and builds a file://C:\...  URL from a backslash path)
docs/ai/tdd/test008-native-20261008T000204Z/native-windows.log:1074: trailing whitespace.
+2026-10-08T00:32:53.7218273Z AAI-WIN-SKIP: aai-run-tests.ps1.TEST-004 (Spec-AC-02): real invocation on THIS host (no WSL, no Windows Git Bash) -> exit 78 + exactly one AAI-ENV-ERROR line.exits 78 with exactly one stderr line matching ^AAI-ENV-ERROR: naming both probed options (PosixOnly: windows-latest always has a real Git Bash, so the dispatcher resolves it and runs the command instead of erroring)
docs/ai/tdd/test008-native-20261008T000204Z/native-windows.log:1075: trailing whitespace.
+2026-10-08T00:32:53.7227465Z AAI-WIN-SKIP: aai-run-tests.ps1.CHANGE-0133 TEST-003 (Spec-AC-02, SEAM-1): real dual-casing environment -- CONTROL throws, TREATMENT does not, one Path survives with both directories.child pwsh: CONTROL arm (OrdinalIgnoreCase dictionary over the live dup env) THROWS; TREATMENT arm (after Set-CanonicalProcessEnvironment) does NOT throw, exactly one PATH casing remains, value holds both original directories (PosixOnly: the Win32 environment block is case-insensitive, so the CONTROL arm cannot be constructed in-process on Windows -- SPEC-0120 RR-1)
docs/ai/tdd/test008-native-20261008T000204Z/native-windows.log:1076: trailing whitespace.
+2026-10-08T00:32:53.7237639Z AAI-WIN-SKIP: aai-run-tests.ps1.CR-1 (review 20260812T133652Z): survivor re-write must be decided against POST-removal state, not the pre-removal snapshot.H3 (PR #247 run 31606986703 investigation): an unrelated process-scope var (AAI_TEST_TIMEOUT) survives canonicalization of a REAL Path/PATH collision AND is visible to a spawned grandchild process â€” RED/GREEN probe for the smoke's "default 300s watchdog used instead of AAI_TEST_TIMEOUT=2" symptom (PosixOnly: same Win32 case-insensitive-environment limitation as CHANGE-0133 TEST-003, PLUS the fixture overwrites PATH with a nonexistent directory, which on Windows breaks the Start-Process -FilePath 'pwsh' resolution this assertion depends on)
docs/ai/tdd/test008-native-20261008T000204Z/native-windows.log:1077: trailing whitespace.
+2026-10-08T00:32:53.7250768Z FAIL: FailedCount=2
docs/ai/tdd/test008-native-20261008T000204Z/native-windows.log:1078: trailing whitespace.
+2026-10-08T00:32:53.7766371Z D:\a\_temp\21cea95e-cd59-4d7c-aedf-089919f7e3bc.ps1 : Pester gate failed under Windows PowerShell 5.1 (1 check(s))
docs/ai/tdd/test008-native-20261008T000204Z/native-windows.log:1079: trailing whitespace.
+2026-10-08T00:32:53.7769680Z At line:1 char:1
docs/ai/tdd/test008-native-20261008T000204Z/native-windows.log:1080: trailing whitespace.
+2026-10-08T00:32:53.7770266Z + . 'D:\a\_temp\21cea95e-cd59-4d7c-aedf-089919f7e3bc.ps1'
docs/ai/tdd/test008-native-20261008T000204Z/native-windows.log:1081: trailing whitespace.
+2026-10-08T00:32:53.7771114Z + ~~~~~~~~~~~~~~~~~~~~~~~~~~~~~~~~~~~~~~~~~~~~~~~~~~~~~~~
docs/ai/tdd/test008-native-20261008T000204Z/native-windows.log:1082: trailing whitespace.
+2026-10-08T00:32:53.7772034Z     + CategoryInfo          : NotSpecified: (:) [Write-Error], WriteErrorException
docs/ai/tdd/test008-native-20261008T000204Z/native-windows.log:1083: trailing whitespace.
+2026-10-08T00:32:53.7773448Z     + FullyQualifiedErrorId : Microsoft.PowerShell.Commands.WriteErrorException,21cea95e-cd59-4d7c-aedf-089919f7e3bc.p 
docs/ai/tdd/test008-native-20261008T000204Z/native-windows.log:1084: trailing whitespace.
+2026-10-08T00:32:53.7774612Z    s1
docs/ai/tdd/test008-native-20261008T000204Z/native-windows.log:1085: trailing whitespace.
+2026-10-08T00:32:53.7774845Z  
docs/ai/tdd/test008-native-20261008T000204Z/native-windows.log:1086: trailing whitespace.
+2026-10-08T00:32:53.8121083Z ##[error]Process completed with exit code 1.
docs/ai/tdd/test008-native-20261008T000204Z/native-windows.log:1087: trailing whitespace.
+2026-10-08T00:32:53.8475265Z Post job cleanup.
docs/ai/tdd/test008-native-20261008T000204Z/native-windows.log:1088: trailing whitespace.
+2026-10-08T00:32:54.1126012Z [command]"C:\Program Files\Git\bin\git.exe" version
docs/ai/tdd/test008-native-20261008T000204Z/native-windows.log:1089: trailing whitespace.
+2026-10-08T00:32:54.1443236Z git version 2.55.0.windows.5
docs/ai/tdd/test008-native-20261008T000204Z/native-windows.log:1090: trailing whitespace.
+2026-10-08T00:32:54.1521022Z Temporarily overriding HOME='D:\a\_temp\457f3efc-c9e3-431e-b006-2e0524bd2cc6' before making global git config changes
docs/ai/tdd/test008-native-20261008T000204Z/native-windows.log:1091: trailing whitespace.
+2026-10-08T00:32:54.1522322Z Adding repository directory to the temporary git global config as a safe directory
docs/ai/tdd/test008-native-20261008T000204Z/native-windows.log:1092: trailing whitespace.
+2026-10-08T00:32:54.1532069Z [command]"C:\Program Files\Git\bin\git.exe" config --global --add safe.directory D:\a\aai\aai
docs/ai/tdd/test008-native-20261008T000204Z/native-windows.log:1093: trailing whitespace.
+2026-10-08T00:32:54.1920222Z [command]"C:\Program Files\Git\bin\git.exe" config --local --name-only --get-regexp core\.sshCommand
docs/ai/tdd/test008-native-20261008T000204Z/native-windows.log:1094: trailing whitespace.
+2026-10-08T00:32:54.2352046Z [command]"C:\Program Files\Git\bin\git.exe" submodule foreach --recursive "sh -c \"git config --local --name-only --get-regexp 'core\.sshCommand' && git config --local --unset-all 'core.sshCommand' || :\""
docs/ai/tdd/test008-native-20261008T000204Z/native-windows.log:1095: trailing whitespace.
+2026-10-08T00:32:54.7837727Z [command]"C:\Program Files\Git\bin\git.exe" config --local --name-only --get-regexp http\.https\:\/\/github\.com\/\.extraheader
docs/ai/tdd/test008-native-20261008T000204Z/native-windows.log:1096: trailing whitespace.
+2026-10-08T00:32:54.8101166Z http.https://github.com/.extraheader
docs/ai/tdd/test008-native-20261008T000204Z/native-windows.log:1097: trailing whitespace.
+2026-10-08T00:32:54.8143246Z [command]"C:\Program Files\Git\bin\git.exe" config --local --unset-all http.https://github.com/.extraheader
docs/ai/tdd/test008-native-20261008T000204Z/native-windows.log:1098: trailing whitespace.
+2026-10-08T00:32:54.8437619Z [command]"C:\Program Files\Git\bin\git.exe" submodule foreach --recursive "sh -c \"git config --local --name-only --get-regexp 'http\.https\:\/\/github\.com\/\.extraheader' && git config --local --unset-all 'http.https://github.com/.extraheader' || :\""
docs/ai/tdd/test008-native-20261008T000204Z/native-windows.log:1099: trailing whitespace.
+2026-10-08T00:32:55.4160903Z [command]"C:\Program Files\Git\bin\git.exe" config --local --name-only --get-regexp ^includeIf\.gitdir:
docs/ai/tdd/test008-native-20261008T000204Z/native-windows.log:1100: trailing whitespace.
+2026-10-08T00:32:55.4527929Z [command]"C:\Program Files\Git\bin\git.exe" submodule foreach --recursive "git config --local --show-origin --name-only --get-regexp remote.origin.url"
docs/ai/tdd/test008-native-20261008T000204Z/native-windows.log:1101: trailing whitespace.
+2026-10-08T00:32:56.0398351Z Cleaning up orphan processes
docs/ai/tdd/test008-native-20261008T000204Z/native-windows.log:1102: trailing whitespace.
+2026-10-08T00:32:56.0714971Z ##[warning]Node.js 20 is deprecated. The following actions target Node.js 20 but are being forced to run on Node.js 24: actions/cache@v4, actions/checkout@v4. For more information see: https://github.blog/changelog/2025-09-19-deprecation-of-node-20-on-github-actions-runners/
docs/ai/tdd/test008-native-20261008T000204Z/research/test001-git243-complete.log:8: new blank line at EOF.
docs/ai/tdd/test008-native-20261008T000204Z/research/test001-git243-diagnostic.log:9: new blank line at EOF.
docs/ai/tdd/test008-native-20261008T000204Z/research/test001-git243.log:4: trailing whitespace.
+FAIL: TEST-001 one parseable JSON result required: 
docs/ai/tdd/test008-native-20261008T000204Z/research/test001-git254.log:4: trailing whitespace.
+FAIL: TEST-001 one parseable JSON result required: 
docs/decisions/DECISION-pr-capability-preflight-final-round.md:22: new blank line at EOF.
